tile_id,tile_name,boundary_name,boundary_class,include_for_cellseg1,nuclei_inside,nuclei_inside_in_tile,nuclei_names,stroma_overlap_px,stroma_overlap_fraction,flags
"p2_tile_01","P2 tile 01","P2_ClearCellBoundary_001","GT Clear cell boundary","true","1","1","P2_Nucleus_001","0.0","0.0000","OK"
"p2_tile_01","P2 tile 01","P2_ClearCellBoundary_002","GT Clear cell boundary","true","1","1","P2_Nucleus_004","0.0","0.0000","OK"
"p2_tile_01","P2 tile 01","P2_ClearCellBoundary_003","GT Clear cell boundary","true","1","1","P2_Nucleus_003","0.0","0.0000","OK"
"p2_tile_01","P2 tile 01","P2_ClearCellBoundary_004","GT Clear cell boundary","true","1","1","P2_Nucleus_002","0.0","0.0000","OK"
"p2_tile_01","P2 tile 01","P2_ClearCellBoundary_005","GT Clear cell boundary","true","1","1","P2_Nucleus_006","0.0","0.0000","OK"
"p2_tile_01","P2 tile 01","P2_ClearCellBoundary_006","GT Clear cell boundary","true","1","1","P2_Nucleus_007","0.0","0.0000","OK"
"p2_tile_01","P2 tile 01","P2_ClearCellBoundary_007","GT Clear cell boundary","true","1","1","P2_Nucleus_005","0.0","0.0000","OK"
"p2_tile_01","P2 tile 01","P2_ClearCellBoundary_008","GT Clear cell boundary","true","1","1","P2_Nucleus_009","0.0","0.0000","OK"
"p2_tile_01","P2 tile 01","P2_ClearCellBoundary_009","GT Clear cell boundary","true","1","1","P2_Nucleus_012","0.0","0.0000","OK"
"p2_tile_01","P2 tile 01","P2_ClearCellBoundary_010","GT Clear cell boundary","true","1","1","P2_Nucleus_010","0.0","0.0000","OK"
"p2_tile_01","P2 tile 01","P2_ClearCellBoundary_011","GT Clear cell boundary","true","1","1","P2_Nucleus_011","0.0","0.0000","OK"
"p2_tile_01","P2 tile 01","P2_ClearCellBoundary_012","GT Clear cell boundary","true","1","1","P2_Nucleus_013","0.0","0.0000","OK"
"p2_tile_01","P2 tile 01","P2_ClearCellBoundary_013","GT Clear cell boundary","true","1","1","P2_Nucleus_014","0.0","0.0000","OK"
"p2_tile_01","P2 tile 01","P2_ClearCellBoundary_014","GT Clear cell boundary","true","1","1","P2_Nucleus_017","0.0","0.0000","OK"
"p2_tile_01","P2 tile 01","P2_ClearCellBoundary_015","GT Clear cell boundary","true","1","1","P2_Nucleus_015","0.0","0.0000","OK"
"p2_tile_01","P2 tile 01","P2_ClearCellBoundary_016","GT Clear cell boundary","true","1","1","P2_Nucleus_018","0.0","0.0000","OK"
"p2_tile_01","P2 tile 01","P2_ClearCellBoundary_017","GT Clear cell boundary","true","1","1","P2_Nucleus_016","0.0","0.0000","OK"
"p2_tile_01","P2 tile 01","P2_ClearCellBoundary_018","GT Clear cell boundary","true","1","1","P2_Nucleus_020","0.0","0.0000","OK"
"p2_tile_01","P2 tile 01","P2_ClearCellBoundary_019","GT Clear cell boundary","true","1","1","P2_Nucleus_019","0.0","0.0000","OK"
"p2_tile_02","P2 tile 02","P2_ClearCellBoundary_020","GT Clear cell boundary","true","1","1","P2_Nucleus_021","0.0","0.0000","OK"
"p2_tile_02","P2 tile 02","T2_ClearCellBoundary_001","GT Clear cell boundary","true","1","1","T2_Nucleus_002","0.0","0.0000","OK"
"p2_tile_02","P2 tile 02","T2_CompactCellBoundary_001","GT Compact cell boundary","true","1","1","T2_Nucleus_003","0.0","0.0000","OK"
"p2_tile_02","P2 tile 02","T2_ClearCellBoundary_002","GT Clear cell boundary","true","1","1","T2_Nucleus_001","0.0","0.0000","OK"
"p2_tile_02","P2 tile 02","T2_CompactCellBoundary_002","GT Compact cell boundary","true","1","1","T2_Nucleus_005","0.0","0.0000","OK"
"p2_tile_02","P2 tile 02","T2_ClearCellBoundary_003","GT Clear cell boundary","true","1","1","T2_Nucleus_004","0.0","0.0000","OK"
"p2_tile_02","P2 tile 02","T2_ClearCellBoundary_004","GT Clear cell boundary","true","1","1","T2_Nucleus_006","0.0","0.0000","OK"
"p2_tile_02","P2 tile 02","T2_ClearCellBoundary_005","GT Clear cell boundary","true","1","1","T2_Nucleus_007","0.0","0.0000","OK"
"p2_tile_02","P2 tile 02","T2_ClearCellBoundary_006","GT Clear cell boundary","true","1","1","T2_Nucleus_008","0.0","0.0000","OK"
"p2_tile_02","P2 tile 02","T2_ClearCellBoundary_007","GT Clear cell boundary","true","1","1","T2_Nucleus_010","0.0","0.0000","OK"
"p2_tile_02","P2 tile 02","T2_ClearCellBoundary_008","GT Clear cell boundary","true","1","1","T2_Nucleus_009","0.0","0.0000","OK"
"p2_tile_02","P2 tile 02","T2_ClearCellBoundary_010","GT Clear cell boundary","true","1","1","T2_Nucleus_011","0.0","0.0000","OK"
"p2_tile_02","P2 tile 02","T2_ClearCellBoundary_011","GT Clear cell boundary","true","1","1","T2_Nucleus_012","0.0","0.0000","OK"
"p2_tile_02","P2 tile 02","T2_ClearCellBoundary_012","GT Clear cell boundary","true","1","1","T2_Nucleus_013","0.0","0.0000","OK"
"p2_tile_02","P2 tile 02","T2_ClearCellBoundary_014","GT Clear cell boundary","true","1","1","T2_Nucleus_016","0.0","0.0000","OK"
"p2_tile_02","P2 tile 02","T2_ClearCellBoundary_015","GT Clear cell boundary","true","1","1","T2_Nucleus_015","0.0","0.0000","OK"
"p2_tile_02","P2 tile 02","T2_ClearCellBoundary_016","GT Clear cell boundary","true","1","1","T2_Nucleus_014","0.0","0.0000","OK"
"p2_tile_02","P2 tile 02","T2_ClearCellBoundary_017","GT Clear cell boundary","true","1","1","T2_Nucleus_017","48.5","0.0264","STROMA_OVERLAP"
"p2_tile_03","P2 tile 03","T3_ClearCellBoundary_001","GT Clear cell boundary","true","1","1","T3_Nucleus_002","0.0","0.0000","OK"
"p2_tile_03","P2 tile 03","T3_ClearCellBoundary_002","GT Clear cell boundary","true","1","1","T3_Nucleus_001","0.0","0.0000","OK"
"p2_tile_03","P2 tile 03","T3_ClearCellBoundary_003","GT Clear cell boundary","true","1","1","T3_Nucleus_003","0.0","0.0000","OK"
"p2_tile_03","P2 tile 03","T3_ClearCellBoundary_004","GT Clear cell boundary","true","1","1","T3_Nucleus_004","0.0","0.0000","OK"
"p2_tile_03","P2 tile 03","T3_ClearCellBoundary_005","GT Clear cell boundary","true","1","1","T3_Nucleus_005","0.0","0.0000","OK"
"p2_tile_03","P2 tile 03","T3_ClearCellBoundary_007","GT Clear cell boundary","true","1","1","T3_Nucleus_010","0.0","0.0000","OK"
"p2_tile_03","P2 tile 03","T3_ClearCellBoundary_008","GT Clear cell boundary","true","1","1","T3_Nucleus_007","0.0","0.0000","OK"
"p2_tile_03","P2 tile 03","T3_ClearCellBoundary_009","GT Clear cell boundary","true","1","1","T3_Nucleus_011","0.0","0.0000","OK"
"p2_tile_03","P2 tile 03","T3_ClearCellBoundary_011","GT Clear cell boundary","true","1","1","T3_Nucleus_008","0.0","0.0000","OK"
"p2_tile_03","P2 tile 03","T3_ClearCellBoundary_012","GT Clear cell boundary","true","1","1","T3_Nucleus_012","0.0","0.0000","OK"
"p2_tile_03","P2 tile 03","T3_ClearCellBoundary_013","GT Clear cell boundary","true","1","1","T3_Nucleus_013","0.0","0.0000","OK"
"p2_tile_03","P2 tile 03","T3_ClearCellBoundary_015","GT Clear cell boundary","true","1","1","T3_Nucleus_016","0.0","0.0000","OK"
"p2_tile_03","P2 tile 03","T3_ClearCellBoundary_016","GT Clear cell boundary","true","1","1","T3_Nucleus_017","0.0","0.0000","OK"
"p2_tile_03","P2 tile 03","T3_ClearCellBoundary_017","GT Clear cell boundary","true","1","1","T3_Nucleus_015","0.0","0.0000","OK"
"p2_tile_03","P2 tile 03","T3_ClearCellBoundary_018","GT Clear cell boundary","true","1","1","T3_Nucleus_018","0.0","0.0000","OK"
"p2_tile_03","P2 tile 03","T3_ClearCellBoundary_019","GT Clear cell boundary","true","1","1","T3_Nucleus_019","0.0","0.0000","OK"
"p2_tile_03","P2 tile 03","T3_ClearCellBoundary_020","GT Clear cell boundary","true","1","1","T3_Nucleus_021","0.0","0.0000","OK"
"p2_tile_03","P2 tile 03","T3_ClearCellBoundary_021","GT Clear cell boundary","true","1","1","T3_Nucleus_020","0.0","0.0000","OK"
"p2_tile_03","P2 tile 03","T3_ClearCellBoundary_022","GT Clear cell boundary","true","1","1","T3_Nucleus_022","0.0","0.0000","OK"
"p2_tile_03","P2 tile 03","T3_ClearCellBoundary_023","GT Clear cell boundary","true","1","1","T3_Nucleus_023","0.0","0.0000","OK"
"p2_tile_03","P2 tile 03","T3_ClearCellBoundary_024","GT Clear cell boundary","true","1","1","T3_Nucleus_025","0.0","0.0000","OK"
"p2_tile_03","P2 tile 03","T3_ClearCellBoundary_025","GT Clear cell boundary","true","1","1","T3_Nucleus_026","0.0","0.0000","OK"
"p2_tile_03","P2 tile 03","T3_ClearCellBoundary_026","GT Clear cell boundary","true","1","1","T3_Nucleus_024","0.0","0.0000","OK"
"p2_tile_03","P2 tile 03","T3_ClearCellBoundary_028","GT Clear cell boundary","true","1","1","T3_Nucleus_029","0.0","0.0000","OK"
"p2_tile_03","P2 tile 03","T3_ClearCellBoundary_029","GT Clear cell boundary","true","1","1","T3_Nucleus_028","0.0","0.0000","OK"
"p2_tile_03","P2 tile 03","T3_ClearCellBoundary_030","GT Clear cell boundary","false","2","0","T3_Nucleus_030|T4_Nucleus_001","0.0","0.0000","MULTI_NUCLEI"
"p2_tile_04","P2 tile 04","T3_ClearCellBoundary_031","GT Clear cell boundary","false","2","2","T4_Nucleus_006|T3_Nucleus_033","0.0","0.0000","MULTI_NUCLEI"
"p2_tile_04","P2 tile 04","T3_ClearCellBoundary_032","GT Clear cell boundary","false","2","2","T4_Nucleus_003|T3_Nucleus_031","0.0","0.0000","MULTI_NUCLEI"
"p2_tile_04","P2 tile 04","T3_ClearCellBoundary_033","GT Clear cell boundary","false","2","2","T3_Nucleus_032|T4_Nucleus_005","0.0","0.0000","MULTI_NUCLEI"
"p2_tile_04","P2 tile 04","T4_ClearCellBoundary_005","GT Clear cell boundary","true","1","1","T4_Nucleus_008","0.0","0.0000","OK"
"p2_tile_04","P2 tile 04","T4_ClearCellBoundary_006","GT Clear cell boundary","true","1","1","T4_Nucleus_013","0.0","0.0000","OK"
"p2_tile_04","P2 tile 04","T4_ClearCellBoundary_007","GT Clear cell boundary","true","1","1","T4_Nucleus_010","0.0","0.0000","OK"
"p2_tile_04","P2 tile 04","T4_ClearCellBoundary_008","GT Clear cell boundary","true","1","1","T4_Nucleus_012","0.0","0.0000","OK"
"p2_tile_04","P2 tile 04","T4_ClearCellBoundary_010","GT Clear cell boundary","true","1","1","T4_Nucleus_014","0.0","0.0000","OK"
"p2_tile_04","P2 tile 04","T4_ClearCellBoundary_011","GT Clear cell boundary","true","1","1","T4_Nucleus_016","0.0","0.0000","OK"
"p2_tile_04","P2 tile 04","T4_ClearCellBoundary_012","GT Clear cell boundary","true","1","1","T4_Nucleus_015","0.0","0.0000","OK"
"p2_tile_04","P2 tile 04","T4_ClearCellBoundary_013","GT Clear cell boundary","true","1","1","T4_Nucleus_017","0.0","0.0000","OK"
"p2_tile_04","P2 tile 04","T4_ClearCellBoundary_014","GT Clear cell boundary","true","1","1","T4_Nucleus_018","0.0","0.0000","OK"
"p2_tile_04","P2 tile 04","T4_ClearCellBoundary_015","GT Clear cell boundary","true","1","1","T4_Nucleus_020","0.0","0.0000","OK"
"p2_tile_04","P2 tile 04","T4_ClearCellBoundary_016","GT Clear cell boundary","true","1","1","T4_Nucleus_021","0.0","0.0000","OK"
"p2_tile_04","P2 tile 04","T4_ClearCellBoundary_018","GT Clear cell boundary","true","1","1","T4_Nucleus_023","0.0","0.0000","OK"
"p2_tile_04","P2 tile 04","T4_ClearCellBoundary_019","GT Clear cell boundary","true","1","1","T4_Nucleus_022","0.0","0.0000","OK"
"p2_tile_05","P2 tile 05","T4_ClearCellBoundary_021","GT Clear cell boundary","false","2","2","T5_Nucleus_001|T4_Nucleus_027","1.0","0.0001","MULTI_NUCLEI"
"p2_tile_05","P2 tile 05","T4_ClearCellBoundary_022","GT Clear cell boundary","false","1","1","T4_Nucleus_026","0.0","0.0000","OK"
"p2_tile_05","P2 tile 05","T4_ClearCellBoundary_023","GT Clear cell boundary","false","1","0","T4_Nucleus_024","0.0","0.0000","NUCLEUS_OUTSIDE_TILE"
"p2_tile_05","P2 tile 05","T5_ClearCellBoundary_001","GT Clear cell boundary","true","1","1","T5_Nucleus_003","0.0","0.0000","OK"
"p2_tile_05","P2 tile 05","T5_ClearCellBoundary_003","GT Clear cell boundary","true","1","1","T5_Nucleus_004","0.0","0.0000","OK"
"p2_tile_05","P2 tile 05","T5_ClearCellBoundary_004","GT Clear cell boundary","true","1","1","T5_Nucleus_005","0.0","0.0000","OK"
"p2_tile_05","P2 tile 05","T5_ClearCellBoundary_005","GT Clear cell boundary","true","1","1","T5_Nucleus_006","0.0","0.0000","OK"
"p2_tile_05","P2 tile 05","T5_ClearCellBoundary_006","GT Clear cell boundary","true","1","1","T5_Nucleus_007","0.0","0.0000","OK"
"p2_tile_05","P2 tile 05","T5_ClearCellBoundary_007","GT Clear cell boundary","true","1","1","T5_Nucleus_010","0.0","0.0000","OK"
"p2_tile_05","P2 tile 05","T5_ClearCellBoundary_008","GT Clear cell boundary","true","1","1","T5_Nucleus_008","0.0","0.0000","OK"
"p2_tile_05","P2 tile 05","T5_ClearCellBoundary_009","GT Clear cell boundary","true","1","1","T5_Nucleus_009","0.0","0.0000","OK"
"p2_tile_05","P2 tile 05","T5_ClearCellBoundary_011","GT Clear cell boundary","true","1","1","T5_Nucleus_012","0.0","0.0000","OK"
"p2_tile_05","P2 tile 05","T5_ClearCellBoundary_012","GT Clear cell boundary","true","1","1","T5_Nucleus_013","0.0","0.0000","OK"
"p2_tile_05","P2 tile 05","T5_ClearCellBoundary_013","GT Clear cell boundary","true","1","1","T5_Nucleus_014","0.0","0.0000","OK"
"p2_tile_05","P2 tile 05","T5_ClearCellBoundary_014","GT Clear cell boundary","true","1","1","T5_Nucleus_015","0.0","0.0000","OK"
"p2_tile_05","P2 tile 05","T5_ClearCellBoundary_015","GT Clear cell boundary","true","1","1","T5_Nucleus_016","0.0","0.0000","OK"
"p2_tile_05","P2 tile 05","T5_ClearCellBoundary_016","GT Clear cell boundary","true","1","1","T5_Nucleus_017","0.0","0.0000","OK"
"p2_tile_05","P2 tile 05","T5_ClearCellBoundary_017","GT Clear cell boundary","true","1","1","T5_Nucleus_018","0.0","0.0000","OK"
"p2_tile_05","P2 tile 05","T5_ClearCellBoundary_018","GT Clear cell boundary","true","1","1","T5_Nucleus_019","0.0","0.0000","OK"
"p2_tile_05","P2 tile 05","T5_ClearCellBoundary_019","GT Clear cell boundary","true","1","1","T5_Nucleus_020","0.0","0.0000","OK"
"p2_tile_05","P2 tile 05","T5_ClearCellBoundary_020","GT Clear cell boundary","true","1","1","T5_Nucleus_021","0.0","0.0000","OK"
"p2_tile_05","P2 tile 05","T5_ClearCellBoundary_021","GT Clear cell boundary","true","1","1","T5_Nucleus_022","0.0","0.0000","OK"
"p2_tile_06","P2 tile 06","T5_ClearCellBoundary_022","GT Clear cell boundary","false","1","0","T5_Nucleus_023","0.0","0.0000","NUCLEUS_OUTSIDE_TILE"
"p2_tile_06","P2 tile 06","T5_ClearCellBoundary_023","GT Clear cell boundary","false","1","1","T5_Nucleus_024","0.0","0.0000","OK"
"p2_tile_06","P2 tile 06","T6_ClearCellBoundary_001","GT Clear cell boundary","true","1","1","T6_Nucleus_001","0.0","0.0000","OK"
"p2_tile_06","P2 tile 06","T6_ClearCellBoundary_002","GT Clear cell boundary","true","1","1","T6_Nucleus_005","0.0","0.0000","OK"
"p2_tile_06","P2 tile 06","T6_ClearCellBoundary_003","GT Clear cell boundary","true","1","1","T6_Nucleus_003","0.0","0.0000","OK"
"p2_tile_06","P2 tile 06","T6_ClearCellBoundary_004","GT Clear cell boundary","true","1","1","T6_Nucleus_002","0.0","0.0000","OK"
"p2_tile_06","P2 tile 06","T6_ClearCellBoundary_005","GT Clear cell boundary","true","1","1","T6_Nucleus_004","0.0","0.0000","OK"
"p2_tile_06","P2 tile 06","T6_ClearCellBoundary_006","GT Clear cell boundary","true","1","1","T6_Nucleus_008","0.0","0.0000","OK"
"p2_tile_06","P2 tile 06","T6_ClearCellBoundary_007","GT Clear cell boundary","true","1","1","T6_Nucleus_007","0.0","0.0000","OK"
"p2_tile_06","P2 tile 06","T6_ClearCellBoundary_008","GT Clear cell boundary","true","1","1","T6_Nucleus_006","0.0","0.0000","OK"
"p2_tile_06","P2 tile 06","T6_ClearCellBoundary_009","GT Clear cell boundary","true","1","1","T6_Nucleus_010","0.0","0.0000","OK"
"p2_tile_06","P2 tile 06","T6_ClearCellBoundary_010","GT Clear cell boundary","true","1","1","T6_Nucleus_009","0.0","0.0000","OK"
"p2_tile_06","P2 tile 06","T6_ClearCellBoundary_012","GT Clear cell boundary","true","1","1","T6_Nucleus_012","0.0","0.0000","OK"
"p2_tile_06","P2 tile 06","T6_ClearCellBoundary_013","GT Clear cell boundary","true","1","1","T6_Nucleus_014","0.0","0.0000","OK"
"p2_tile_06","P2 tile 06","T6_ClearCellBoundary_014","GT Clear cell boundary","true","1","1","T6_Nucleus_013","0.0","0.0000","OK"
"p2_tile_06","P2 tile 06","T6_ClearCellBoundary_015","GT Clear cell boundary","true","1","1","T6_Nucleus_016","0.0","0.0000","OK"
"p2_tile_06","P2 tile 06","T6_ClearCellBoundary_018","GT Clear cell boundary","true","1","1","T6_Nucleus_019","0.0","0.0000","OK"
"p2_tile_06","P2 tile 06","T6_ClearCellBoundary_019","GT Clear cell boundary","true","1","1","T6_Nucleus_018","0.0","0.0000","OK"
"p2_tile_07","P2 tile 07","T7_ClearCellBoundary_002","GT Clear cell boundary","true","1","1","T7_Nucleus_004","0.0","0.0000","OK"
"p2_tile_07","P2 tile 07","T7_ClearCellBoundary_003","GT Clear cell boundary","true","1","1","T7_Nucleus_002","0.0","0.0000","OK"
"p2_tile_07","P2 tile 07","T7_ClearCellBoundary_004","GT Clear cell boundary","true","1","1","T7_Nucleus_003","0.0","0.0000","OK"
"p2_tile_07","P2 tile 07","T7_ClearCellBoundary_005","GT Clear cell boundary","true","1","1","T7_Nucleus_005","0.0","0.0000","OK"
"p2_tile_07","P2 tile 07","T7_ClearCellBoundary_006","GT Clear cell boundary","true","1","1","T7_Nucleus_007","0.0","0.0000","OK"
"p2_tile_07","P2 tile 07","T7_ClearCellBoundary_007","GT Clear cell boundary","true","1","1","T7_Nucleus_008","0.0","0.0000","OK"
"p2_tile_07","P2 tile 07","T7_ClearCellBoundary_008","GT Clear cell boundary","true","1","1","T7_Nucleus_006","0.0","0.0000","OK"
"p2_tile_07","P2 tile 07","T7_ClearCellBoundary_009","GT Clear cell boundary","true","1","1","T7_Nucleus_009","0.0","0.0000","OK"
"p2_tile_07","P2 tile 07","T7_ClearCellBoundary_010","GT Clear cell boundary","true","1","1","T7_Nucleus_011","0.0","0.0000","OK"
"p2_tile_07","P2 tile 07","T7_ClearCellBoundary_011","GT Clear cell boundary","true","1","1","T7_Nucleus_010","0.0","0.0000","OK"
"p2_tile_07","P2 tile 07","T7_ClearCellBoundary_012","GT Clear cell boundary","true","1","1","T7_Nucleus_013","0.0","0.0000","OK"
"p2_tile_07","P2 tile 07","T7_ClearCellBoundary_014","GT Clear cell boundary","true","1","1","T7_Nucleus_014","0.0","0.0000","OK"
"p2_tile_07","P2 tile 07","T7_CompactCellBoundary_001","GT Compact cell boundary","true","1","1","T7_Nucleus_015","0.0","0.0000","OK"
"p2_tile_07","P2 tile 07","T7_CompactCellBoundary_002","GT Compact cell boundary","true","1","1","T7_Nucleus_016","0.0","0.0000","OK"
"p2_tile_07","P2 tile 07","T7_ClearCellBoundary_015","GT Clear cell boundary","false","1","0","T7_Nucleus_017","0.0","0.0000","NUCLEUS_OUTSIDE_TILE"
"p2_tile_07","P2 tile 07","T7_ClearCellBoundary_016","GT Clear cell boundary","true","1","1","T7_Nucleus_018","0.0","0.0000","OK"
"p2_tile_07","P2 tile 07","T7_ClearCellBoundary_017","GT Clear cell boundary","true","1","1","T7_Nucleus_019","0.0","0.0000","OK"
"p2_tile_07","P2 tile 07","T7_ClearCellBoundary_018","GT Clear cell boundary","true","1","1","T7_Nucleus_020","0.0","0.0000","OK"
"p2_tile_07","P2 tile 07","T7_ClearCellBoundary_019","GT Clear cell boundary","true","1","1","T7_Nucleus_021","0.0","0.0000","OK"
"p2_tile_07","P2 tile 07","T7_ClearCellBoundary_020","GT Clear cell boundary","true","1","1","T7_Nucleus_024","0.0","0.0000","OK"
"p2_tile_07","P2 tile 07","T7_ClearCellBoundary_021","GT Clear cell boundary","true","1","1","T7_Nucleus_023","0.0","0.0000","OK"
"p2_tile_07","P2 tile 07","T7_ClearCellBoundary_022","GT Clear cell boundary","true","1","1","T7_Nucleus_022","0.0","0.0000","OK"
"p2_tile_08","P2 tile 08","T7_ClearCellBoundary_023","GT Clear cell boundary","false","1","1","T7_Nucleus_026","0.0","0.0000","OK"
"p2_tile_08","P2 tile 08","T7_ClearCellBoundary_024","GT Clear cell boundary","false","1","1","T7_Nucleus_025","0.0","0.0000","OK"
"p2_tile_08","P2 tile 08","T8_ClearCellBoundary_001","GT Clear cell boundary","true","1","1","T8_Nucleus_001","5.0","0.0006","OK"
"p2_tile_08","P2 tile 08","T8_ClearCellBoundary_003","GT Clear cell boundary","false","1","0","T8_Nucleus_002","0.0","0.0000","NUCLEUS_OUTSIDE_TILE"
"p2_tile_08","P2 tile 08","T8_ClearCellBoundary_004","GT Clear cell boundary","true","1","1","T8_Nucleus_005","0.0","0.0000","OK"
"p2_tile_08","P2 tile 08","T8_ClearCellBoundary_005","GT Clear cell boundary","true","1","1","T8_Nucleus_006","0.0","0.0000","OK"
"p2_tile_08","P2 tile 08","T8_ClearCellBoundary_007","GT Clear cell boundary","true","1","1","T8_Nucleus_007","0.0","0.0000","OK"
"p2_tile_08","P2 tile 08","T8_ClearCellBoundary_008","GT Clear cell boundary","true","1","1","T8_Nucleus_008","0.0","0.0000","OK"
"p2_tile_08","P2 tile 08","T8_ClearCellBoundary_009","GT Clear cell boundary","true","1","1","T8_Nucleus_009","0.0","0.0000","OK"
"p2_tile_08","P2 tile 08","T8_ClearCellBoundary_010","GT Clear cell boundary","true","1","1","T8_Nucleus_010","0.0","0.0000","OK"
"p2_tile_08","P2 tile 08","T8_ClearCellBoundary_011","GT Clear cell boundary","true","1","1","T8_Nucleus_011","0.0","0.0000","OK"
"p2_tile_08","P2 tile 08","T8_ClearCellBoundary_012","GT Clear cell boundary","true","1","1","T8_Nucleus_012","0.0","0.0000","OK"
"p2_tile_08","P2 tile 08","T8_ClearCellBoundary_013","GT Clear cell boundary","true","1","1","T8_Nucleus_015","0.0","0.0000","OK"
"p2_tile_08","P2 tile 08","T8_ClearCellBoundary_014","GT Clear cell boundary","true","1","1","T8_Nucleus_013","0.0","0.0000","OK"
"p2_tile_08","P2 tile 08","T8_ClearCellBoundary_015","GT Clear cell boundary","true","1","1","T8_Nucleus_014","0.0","0.0000","OK"
"p2_tile_08","P2 tile 08","T8_ClearCellBoundary_016","GT Clear cell boundary","true","1","1","T8_Nucleus_016","0.0","0.0000","OK"
"p2_tile_08","P2 tile 08","T8_ClearCellBoundary_018","GT Clear cell boundary","true","1","1","T8_Nucleus_019","0.0","0.0000","OK"
"p2_tile_08","P2 tile 08","T8_ClearCellBoundary_019","GT Clear cell boundary","false","1","0","T8_Nucleus_021","0.0","0.0000","NUCLEUS_OUTSIDE_TILE"
"p2_tile_09","P2 tile 09","T6_ClearCellBoundary_020","GT Clear cell boundary","false","1","1","T6_Nucleus_020","0.0","0.0000","OK"
"p2_tile_09","P2 tile 09","T9_ClearCellBoundary_006","GT Clear cell boundary","true","1","1","T9_Nucleus_010","0.0","0.0000","OK"
"p2_tile_09","P2 tile 09","T9_ClearCellBoundary_007","GT Clear cell boundary","true","1","1","T9_Nucleus_007","0.0","0.0000","OK"
"p2_tile_09","P2 tile 09","T9_ClearCellBoundary_008","GT Clear cell boundary","true","1","1","T9_Nucleus_013","0.0","0.0000","OK"
"p2_tile_09","P2 tile 09","T9_ClearCellBoundary_009","GT Clear cell boundary","true","1","1","T9_Nucleus_014","0.0","0.0000","OK"
"p2_tile_09","P2 tile 09","T9_ClearCellBoundary_010","GT Clear cell boundary","true","1","1","T9_Nucleus_012","0.0","0.0000","OK"
"p2_tile_09","P2 tile 09","T9_ClearCellBoundary_011","GT Clear cell boundary","true","1","1","T9_Nucleus_015","0.0","0.0000","OK"
"p2_tile_09","P2 tile 09","T9_ClearCellBoundary_012","GT Clear cell boundary","true","1","1","T9_Nucleus_017","0.0","0.0000","OK"
"p2_tile_09","P2 tile 09","T9_ClearCellBoundary_013","GT Clear cell boundary","true","1","1","T9_Nucleus_018","0.0","0.0000","OK"
"p2_tile_09","P2 tile 09","T9_ClearCellBoundary_014","GT Clear cell boundary","true","1","1","T9_Nucleus_020","0.0","0.0000","OK"
"p2_tile_09","P2 tile 09","T9_ClearCellBoundary_015","GT Clear cell boundary","true","1","1","T9_Nucleus_023","0.0","0.0000","OK"
"p2_tile_09","P2 tile 09","T9_ClearCellBoundary_016","GT Clear cell boundary","true","1","1","T9_Nucleus_022","0.0","0.0000","OK"
"p2_tile_09","P2 tile 09","T9_ClearCellBoundary_017","GT Clear cell boundary","true","1","1","T9_Nucleus_021","0.0","0.0000","OK"
"p2_tile_09","P2 tile 09","T9_ClearCellBoundary_018","GT Clear cell boundary","true","1","1","T9_Nucleus_025","0.0","0.0000","OK"
"p2_tile_09","P2 tile 09","T9_ClearCellBoundary_019","GT Clear cell boundary","true","1","1","T9_Nucleus_024","0.0","0.0000","OK"
"p2_tile_09","P2 tile 09","T9_ClearCellBoundary_020","GT Clear cell boundary","true","1","1","T9_Nucleus_028","0.0","0.0000","OK"
"p2_tile_09","P2 tile 09","T9_ClearCellBoundary_021","GT Clear cell boundary","true","1","1","T9_Nucleus_029","0.0","0.0000","OK"
"p2_tile_09","P2 tile 09","T9_ClearCellBoundary_022","GT Clear cell boundary","false","1","0","T9_Nucleus_033","0.8","0.0002","NUCLEUS_OUTSIDE_TILE"
"p2_tile_10","P2 tile 10","T10_ClearCellBoundary_002","GT Clear cell boundary","true","1","1","T10_Nucleus_005","0.0","0.0000","OK"
"p2_tile_10","P2 tile 10","T10_ClearCellBoundary_003","GT Clear cell boundary","false","1","0","T10_Nucleus_001","0.0","0.0000","NUCLEUS_OUTSIDE_TILE"
"p2_tile_10","P2 tile 10","T10_ClearCellBoundary_004","GT Clear cell boundary","true","1","1","T10_Nucleus_003","0.0","0.0000","OK"
"p2_tile_10","P2 tile 10","T10_ClearCellBoundary_005","GT Clear cell boundary","true","1","1","T10_Nucleus_007","0.0","0.0000","OK"
"p2_tile_10","P2 tile 10","T10_ClearCellBoundary_006","GT Clear cell boundary","true","1","1","T10_Nucleus_006","0.0","0.0000","OK"
"p2_tile_10","P2 tile 10","T9_ClearCellBoundary_005","GT Clear cell boundary","false","1","1","T9_Nucleus_006","0.0","0.0000","OK"
"p2_tile_10","P2 tile 10","T10_ClearCellBoundary_007","GT Clear cell boundary","true","1","1","T10_Nucleus_004","0.0","0.0000","OK"
"p2_tile_10","P2 tile 10","T10_ClearCellBoundary_008","GT Clear cell boundary","true","1","1","T10_Nucleus_008","0.0","0.0000","OK"
"p2_tile_10","P2 tile 10","T10_ClearCellBoundary_009","GT Clear cell boundary","true","1","1","T10_Nucleus_009","0.0","0.0000","OK"
"p2_tile_10","P2 tile 10","T10_ClearCellBoundary_010","GT Clear cell boundary","true","1","1","T10_Nucleus_010","0.0","0.0000","OK"
"p2_tile_10","P2 tile 10","T10_ClearCellBoundary_011","GT Clear cell boundary","true","1","1","T10_Nucleus_013","0.0","0.0000","OK"
"p2_tile_10","P2 tile 10","T10_ClearCellBoundary_012","GT Clear cell boundary","true","1","1","T10_Nucleus_011","0.0","0.0000","OK"
"p2_tile_10","P2 tile 10","T10_ClearCellBoundary_013","GT Clear cell boundary","true","1","1","T10_Nucleus_012","0.0","0.0000","OK"
"p2_tile_10","P2 tile 10","T10_ClearCellBoundary_014","GT Clear cell boundary","true","1","1","T10_Nucleus_014","0.0","0.0000","OK"
"p2_tile_10","P2 tile 10","T10_ClearCellBoundary_015","GT Clear cell boundary","true","1","1","T10_Nucleus_015","0.0","0.0000","OK"
"p2_tile_10","P2 tile 10","T10_ClearCellBoundary_016","GT Clear cell boundary","true","1","1","T10_Nucleus_017","2.0","0.0002","OK"
"p2_tile_10","P2 tile 10","T10_ClearCellBoundary_017","GT Clear cell boundary","true","1","1","T10_Nucleus_019","0.0","0.0000","OK"
"p2_tile_10","P2 tile 10","T10_ClearCellBoundary_018","GT Clear cell boundary","true","1","1","T10_Nucleus_018","12.5","0.0020","OK"
"p2_tile_10","P2 tile 10","T10_ClearCellBoundary_019","GT Clear cell boundary","true","1","1","T10_Nucleus_020","0.0","0.0000","OK"
"p2_tile_10","P2 tile 10","T10_ClearCellBoundary_020","GT Clear cell boundary","true","1","1","T10_Nucleus_022","0.0","0.0000","OK"
"p2_tile_10","P2 tile 10","T10_ClearCellBoundary_021","GT Clear cell boundary","true","1","1","T10_Nucleus_021","0.0","0.0000","OK"
"p2_tile_10","P2 tile 10","T10_ClearCellBoundary_022","GT Clear cell boundary","true","1","1","T10_Nucleus_023","8.0","0.0010","OK"
"p2_tile_11","P2 tile 11","T11_ClearCellBoundary_003","GT Clear cell boundary","true","1","1","T11_Nucleus_007","0.0","0.0000","OK"
"p2_tile_11","P2 tile 11","T11_CompactCellBoundary_002","GT Compact cell boundary","true","1","1","T11_Nucleus_008","0.0","0.0000","OK"
"p2_tile_11","P2 tile 11","T11_ClearCellBoundary_004","GT Clear cell boundary","true","1","1","T11_Nucleus_010","0.0","0.0000","OK"
"p2_tile_11","P2 tile 11","T11_ClearCellBoundary_005","GT Clear cell boundary","true","1","1","T11_Nucleus_011","0.0","0.0000","OK"
"p2_tile_11","P2 tile 11","T11_ClearCellBoundary_006","GT Clear cell boundary","true","1","1","T11_Nucleus_016","0.0","0.0000","OK"
"p2_tile_11","P2 tile 11","T11_ClearCellBoundary_007","GT Clear cell boundary","true","1","1","T11_Nucleus_015","0.0","0.0000","OK"
"p2_tile_11","P2 tile 11","T11_ClearCellBoundary_008","GT Clear cell boundary","true","1","1","T11_Nucleus_017","0.0","0.0000","OK"
"p2_tile_11","P2 tile 11","T11_ClearCellBoundary_009","GT Clear cell boundary","true","1","1","T11_Nucleus_018","0.0","0.0000","OK"
"p2_tile_11","P2 tile 11","T11_ClearCellBoundary_011","GT Clear cell boundary","true","1","1","T11_Nucleus_019","0.0","0.0000","OK"
"p2_tile_11","P2 tile 11","T11_ClearCellBoundary_013","GT Clear cell boundary","true","1","1","T11_Nucleus_022","0.0","0.0000","OK"
"p2_tile_11","P2 tile 11","T11_ClearCellBoundary_015","GT Clear cell boundary","true","1","1","T11_Nucleus_027","0.0","0.0000","OK"
"p2_tile_11","P2 tile 11","T11_ClearCellBoundary_017","GT Clear cell boundary","true","1","1","T11_Nucleus_032","0.0","0.0000","OK"
"p2_tile_11","P2 tile 11","T11_ClearCellBoundary_018","GT Clear cell boundary","true","1","1","T11_Nucleus_030","0.0","0.0000","OK"
"p2_tile_11","P2 tile 11","T11_ClearCellBoundary_019","GT Clear cell boundary","true","1","1","T11_Nucleus_034","0.0","0.0000","OK"
"p2_tile_11","P2 tile 11","T11_ClearCellBoundary_020","GT Clear cell boundary","true","1","1","T11_Nucleus_037","0.0","0.0000","OK"
"p2_tile_11","P2 tile 11","T11_ClearCellBoundary_021","GT Clear cell boundary","true","1","1","T11_Nucleus_036","0.0","0.0000","OK"
"p2_tile_11","P2 tile 11","T11_CompactCellBoundary_003","GT Compact cell boundary","true","1","1","T11_Nucleus_038","0.0","0.0000","OK"
"p2_tile_11","P2 tile 11","T11_ClearCellBoundary_022","GT Clear cell boundary","true","1","1","T11_Nucleus_040","0.0","0.0000","OK"
"p2_tile_11","P2 tile 11","T11_ClearCellBoundary_023","GT Clear cell boundary","true","1","1","T11_Nucleus_041","0.0","0.0000","OK"
"p2_tile_11","P2 tile 11","T11_ClearCellBoundary_024","GT Clear cell boundary","true","1","1","T11_Nucleus_042","0.0","0.0000","OK"
"p2_tile_11","P2 tile 11","T11_ClearCellBoundary_025","GT Clear cell boundary","true","1","1","T11_Nucleus_043","0.0","0.0000","OK"
"p2_tile_12","P2 tile 12","T12_CompactCellBoundary_002","GT Compact cell boundary","true","1","1","T12_Nucleus_003","0.0","0.0000","OK"
"p2_tile_12","P2 tile 12","T12_ClearCellBoundary_002","GT Clear cell boundary","true","1","1","T12_Nucleus_004","0.0","0.0000","OK"
"p2_tile_12","P2 tile 12","T12_CompactCellBoundary_003","GT Compact cell boundary","true","1","1","T12_Nucleus_007","0.0","0.0000","OK"
"p2_tile_12","P2 tile 12","T12_CompactCellBoundary_004","GT Compact cell boundary","true","1","1","T12_Nucleus_005","0.0","0.0000","OK"
"p2_tile_12","P2 tile 12","T12_CompactCellBoundary_005","GT Compact cell boundary","true","1","1","T12_Nucleus_008","0.0","0.0000","OK"
"p2_tile_12","P2 tile 12","T12_ClearCellBoundary_003","GT Clear cell boundary","true","1","1","T12_Nucleus_010","0.0","0.0000","OK"
"p2_tile_12","P2 tile 12","T12_ClearCellBoundary_004","GT Clear cell boundary","true","1","1","T12_Nucleus_011","0.0","0.0000","OK"
"p2_tile_12","P2 tile 12","T12_ClearCellBoundary_005","GT Clear cell boundary","true","1","1","T12_Nucleus_013","0.0","0.0000","OK"
"p2_tile_12","P2 tile 12","T12_ClearCellBoundary_006","GT Clear cell boundary","true","1","1","T12_Nucleus_012","0.0","0.0000","OK"
"p2_tile_12","P2 tile 12","T12_ClearCellBoundary_007","GT Clear cell boundary","true","1","1","T12_Nucleus_016","0.0","0.0000","OK"
"p2_tile_12","P2 tile 12","T12_CompactCellBoundary_006","GT Compact cell boundary","true","1","1","T12_Nucleus_014","0.0","0.0000","OK"
"p2_tile_12","P2 tile 12","T12_ClearCellBoundary_008","GT Clear cell boundary","true","1","1","T12_Nucleus_015","0.0","0.0000","OK"
"p2_tile_12","P2 tile 12","T12_ClearCellBoundary_009","GT Clear cell boundary","true","1","1","T12_Nucleus_017","0.0","0.0000","OK"
"p2_tile_12","P2 tile 12","T12_ClearCellBoundary_010","GT Clear cell boundary","true","1","1","T12_Nucleus_019","0.0","0.0000","OK"
"p2_tile_12","P2 tile 12","T12_CompactCellBoundary_007","GT Compact cell boundary","true","1","1","T12_Nucleus_020","0.0","0.0000","OK"
"p2_tile_12","P2 tile 12","T12_ClearCellBoundary_011","GT Clear cell boundary","true","1","1","T12_Nucleus_018","0.0","0.0000","OK"
"p2_tile_12","P2 tile 12","T12_CompactCellBoundary_008","GT Compact cell boundary","true","1","1","T12_Nucleus_022","0.0","0.0000","OK"
"p2_tile_12","P2 tile 12","T12_CompactCellBoundary_009","GT Compact cell boundary","true","1","1","T12_Nucleus_025","0.0","0.0000","OK"
"p2_tile_12","P2 tile 12","T12_ClearCellBoundary_012","GT Clear cell boundary","true","1","1","T12_Nucleus_021","0.0","0.0000","OK"
"p2_tile_12","P2 tile 12","T12_CompactCellBoundary_011","GT Compact cell boundary","true","1","1","T12_Nucleus_027","0.0","0.0000","OK"
"p2_tile_12","P2 tile 12","T12_CompactCellBoundary_012","GT Compact cell boundary","true","1","1","T12_Nucleus_028","0.0","0.0000","OK"
"p2_tile_12","P2 tile 12","T12_ClearCellBoundary_013","GT Clear cell boundary","true","1","1","T12_Nucleus_023","0.0","0.0000","OK"
"p2_tile_12","P2 tile 12","T12_CompactCellBoundary_013","GT Compact cell boundary","true","1","1","T12_Nucleus_029","0.0","0.0000","OK"
"p2_tile_12","P2 tile 12","T12_CompactCellBoundary_014","GT Compact cell boundary","true","1","1","T12_Nucleus_031","0.0","0.0000","OK"
"p2_tile_12","P2 tile 12","T12_ClearCellBoundary_014","GT Clear cell boundary","true","1","1","T12_Nucleus_030","0.0","0.0000","OK"
"p2_tile_12","P2 tile 12","T12_CompactCellBoundary_016","GT Compact cell boundary","true","1","1","T12_Nucleus_034","0.0","0.0000","OK"
"p2_tile_12","P2 tile 12","T12_ClearCellBoundary_015","GT Clear cell boundary","true","1","1","T12_Nucleus_032","0.0","0.0000","OK"
"p2_tile_12","P2 tile 12","T12_CompactCellBoundary_017","GT Compact cell boundary","true","1","1","T12_Nucleus_036","0.0","0.0000","OK"
"p2_tile_12","P2 tile 12","T12_CompactCellBoundary_018","GT Compact cell boundary","true","1","1","T12_Nucleus_038","0.0","0.0000","OK"
"p2_tile_12","P2 tile 12","T12_ClearCellBoundary_016","GT Clear cell boundary","true","1","1","T12_Nucleus_037","0.0","0.0000","OK"
"p2_tile_12","P2 tile 12","T12_ClearCellBoundary_017","GT Clear cell boundary","true","1","1","T12_Nucleus_039","0.0","0.0000","OK"
"p2_tile_12","P2 tile 12","T12_CompactCellBoundary_020","GT Compact cell boundary","true","1","1","T12_Nucleus_041","0.0","0.0000","OK"
"p2_tile_12","P2 tile 12","T12_CompactCellBoundary_021","GT Compact cell boundary","true","1","1","T12_Nucleus_043","0.0","0.0000","OK"
"p2_tile_12","P2 tile 12","T12_ClearCellBoundary_018","GT Clear cell boundary","true","1","1","T12_Nucleus_044","0.0","0.0000","OK"
"p2_tile_12","P2 tile 12","T12_CompactCellBoundary_022","GT Compact cell boundary","true","1","1","T12_Nucleus_042","0.0","0.0000","OK"
"p2_tile_12","P2 tile 12","T12_ClearCellBoundary_019","GT Clear cell boundary","true","1","1","T12_Nucleus_047","0.0","0.0000","OK"
"p2_tile_12","P2 tile 12","T12_CompactCellBoundary_023","GT Compact cell boundary","true","1","1","T12_Nucleus_046","0.0","0.0000","OK"
"p2_tile_12","P2 tile 12","T12_ClearCellBoundary_021","GT Clear cell boundary","true","1","1","T12_Nucleus_049","0.0","0.0000","OK"
"p2_tile_12","P2 tile 12","T12_ClearCellBoundary_022","GT Clear cell boundary","true","1","1","T12_Nucleus_052","0.0","0.0000","OK"
"p2_tile_12","P2 tile 12","T12_ClearCellBoundary_023","GT Clear cell boundary","true","1","1","T12_Nucleus_050","0.0","0.0000","OK"
"p2_tile_12","P2 tile 12","T12_CompactCellBoundary_024","GT Compact cell boundary","true","1","1","T12_Nucleus_051","0.0","0.0000","OK"
"p2_tile_12","P2 tile 12","T12_CompactCellBoundary_025","GT Compact cell boundary","true","1","1","T12_Nucleus_048","0.0","0.0000","OK"
"p2_tile_12","P2 tile 12","T12_CompactCellBoundary_026","GT Compact cell boundary","true","1","1","T12_Nucleus_053","0.0","0.0000","OK"
"p2_tile_12","P2 tile 12","T12_ClearCellBoundary_024","GT Clear cell boundary","true","1","1","T12_Nucleus_054","0.0","0.0000","OK"
"p2_tile_12","P2 tile 12","T12_ClearCellBoundary_025","GT Clear cell boundary","true","1","1","T12_Nucleus_055","0.0","0.0000","OK"
"p2_tile_12","P2 tile 12","T12_CompactCellBoundary_027","GT Compact cell boundary","true","1","1","T12_Nucleus_056","0.0","0.0000","OK"
"p2_tile_12","P2 tile 12","T12_ClearCellBoundary_027","GT Clear cell boundary","true","1","1","T12_Nucleus_059","0.0","0.0000","OK"
"p2_tile_12","P2 tile 12","T12_CompactCellBoundary_028","GT Compact cell boundary","true","1","1","T12_Nucleus_060","0.0","0.0000","OK"
"p2_tile_12","P2 tile 12","T11_ClearCellBoundary_001","GT Clear cell boundary","false","1","1","T11_Nucleus_002","0.0","0.0000","OK"
"p2_tile_12","P2 tile 12","T11_ClearCellBoundary_002","GT Clear cell boundary","false","1","1","T11_Nucleus_004","0.0","0.0000","OK"
"p2_tile_13","P2 tile 13","T13_ClearCellBoundary_004","GT Clear cell boundary","true","1","1","T13_Nucleus_004","0.0","0.0000","OK"
"p2_tile_13","P2 tile 13","T13_ClearCellBoundary_005","GT Clear cell boundary","true","1","1","T13_Nucleus_005","0.0","0.0000","OK"
"p2_tile_13","P2 tile 13","T13_CompactCellBoundary_001","GT Compact cell boundary","true","1","1","T13_Nucleus_006","0.0","0.0000","OK"
"p2_tile_13","P2 tile 13","T13_ClearCellBoundary_006","GT Clear cell boundary","true","1","1","T13_Nucleus_008","0.0","0.0000","OK"
"p2_tile_13","P2 tile 13","T13_ClearCellBoundary_007","GT Clear cell boundary","true","1","1","T13_Nucleus_009","0.0","0.0000","OK"
"p2_tile_13","P2 tile 13","T13_ClearCellBoundary_008","GT Clear cell boundary","true","1","1","T13_Nucleus_007","0.0","0.0000","OK"
"p2_tile_13","P2 tile 13","T13_ClearCellBoundary_009","GT Clear cell boundary","true","1","1","T13_Nucleus_011","0.0","0.0000","OK"
"p2_tile_13","P2 tile 13","T13_ClearCellBoundary_010","GT Clear cell boundary","true","1","1","T13_Nucleus_014","0.0","0.0000","OK"
"p2_tile_13","P2 tile 13","T13_ClearCellBoundary_012","GT Clear cell boundary","true","1","1","T13_Nucleus_012","0.0","0.0000","OK"
"p2_tile_13","P2 tile 13","","GT Compact cell boundary","true","1","1","T13_Nucleus_013","0.0","0.0000","OK"
"p2_tile_13","P2 tile 13","T13_ClearCellBoundary_013","GT Clear cell boundary","true","1","1","T13_Nucleus_015","0.0","0.0000","OK"
"p2_tile_13","P2 tile 13","T13_ClearCellBoundary_014","GT Clear cell boundary","true","1","1","T13_Nucleus_016","0.0","0.0000","OK"
"p2_tile_13","P2 tile 13","T13_CompactCellBoundary_002","GT Compact cell boundary","true","1","1","T13_Nucleus_017","0.0","0.0000","OK"
"p2_tile_13","P2 tile 13","T13_CompactCellBoundary_003","GT Compact cell boundary","true","1","1","T13_Nucleus_018","0.0","0.0000","OK"
"p2_tile_13","P2 tile 13","T13_ClearCellBoundary_015","GT Clear cell boundary","true","1","1","T13_Nucleus_019","0.0","0.0000","OK"
"p2_tile_13","P2 tile 13","T13_ClearCellBoundary_016","GT Clear cell boundary","true","1","1","T13_Nucleus_020","0.0","0.0000","OK"
"p2_tile_13","P2 tile 13","T13_ClearCellBoundary_018","GT Clear cell boundary","true","1","1","T13_Nucleus_021","0.0","0.0000","OK"
"p2_tile_13","P2 tile 13","T13_ClearCellBoundary_019","GT Clear cell boundary","true","1","1","T13_Nucleus_024","0.0","0.0000","OK"
"p2_tile_13","P2 tile 13","T13_ClearCellBoundary_020","GT Clear cell boundary","true","1","1","T13_Nucleus_026","0.0","0.0000","OK"
"p2_tile_13","P2 tile 13","T13_ClearCellBoundary_021","GT Clear cell boundary","true","1","1","T13_Nucleus_023","0.0","0.0000","OK"
"p2_tile_13","P2 tile 13","T13_ClearCellBoundary_022","GT Clear cell boundary","true","1","1","T13_Nucleus_025","0.0","0.0000","OK"
"p2_tile_13","P2 tile 13","T13_ClearCellBoundary_023","GT Clear cell boundary","true","1","1","T13_Nucleus_029","0.0","0.0000","OK"
"p2_tile_13","P2 tile 13","T13_ClearCellBoundary_024","GT Clear cell boundary","true","1","1","T13_Nucleus_028","0.0","0.0000","OK"
"p2_tile_13","P2 tile 13","T13_ClearCellBoundary_025","GT Clear cell boundary","true","1","1","T13_Nucleus_027","0.0","0.0000","OK"
"p2_tile_13","P2 tile 13","T6_ClearCellBoundary_011","GT Clear cell boundary","false","1","0","T6_Nucleus_011","0.0","0.0000","NUCLEUS_OUTSIDE_TILE"
"p2_tile_13","P2 tile 13","T13_ClearCellBoundary_026","GT Clear cell boundary","true","1","1","T13_Nucleus_030","0.0","0.0000","OK"
"p2_tile_13","P2 tile 13","T13_ClearCellBoundary_027","GT Clear cell boundary","true","1","1","T13_Nucleus_033","0.0","0.0000","OK"
"p2_tile_13","P2 tile 13","T13_ClearCellBoundary_028","GT Clear cell boundary","true","1","1","T13_Nucleus_032","0.0","0.0000","OK"
"p2_tile_13","P2 tile 13","T13_ClearCellBoundary_029","GT Clear cell boundary","false","1","0","T13_Nucleus_031","0.0","0.0000","NUCLEUS_OUTSIDE_TILE"
"p2_tile_13","P2 tile 13","T13_ClearCellBoundary_030","GT Clear cell boundary","true","1","1","T13_Nucleus_034","0.0","0.0000","OK"
"p2_tile_13","P2 tile 13","T13_ClearCellBoundary_031","GT Clear cell boundary","true","1","1","T13_Nucleus_036","0.0","0.0000","OK"
"p2_tile_13","P2 tile 13","T13_ClearCellBoundary_032","GT Clear cell boundary","true","1","1","T13_Nucleus_035","0.0","0.0000","OK"
"p2_tile_13","P2 tile 13","T13_ClearCellBoundary_033","GT Clear cell boundary","true","1","1","T13_Nucleus_037","0.0","0.0000","OK"
"p2_tile_13","P2 tile 13","T13_ClearCellBoundary_034","GT Clear cell boundary","true","1","1","T13_Nucleus_038","0.0","0.0000","OK"
"p2_tile_13","P2 tile 13","T6_ClearCellBoundary_017","GT Clear cell boundary","false","1","1","T6_Nucleus_017","0.0","0.0000","OK"
"p2_tile_13","P2 tile 13","T13_ClearCellBoundary_036","GT Clear cell boundary","true","1","1","T13_Nucleus_040","0.0","0.0000","OK"
"p2_tile_13","P2 tile 13","T9_ClearCellBoundary_001","GT Clear cell boundary","false","1","1","T9_Nucleus_002","0.0","0.0000","OK"
"p2_tile_13","P2 tile 13","T9_ClearCellBoundary_002","GT Clear cell boundary","false","1","1","T9_Nucleus_001","0.0","0.0000","OK"
"p2_tile_13","P2 tile 13","T9_ClearCellBoundary_003","GT Clear cell boundary","false","1","1","T9_Nucleus_003","0.0","0.0000","OK"
"p2_tile_13","P2 tile 13","T9_ClearCellBoundary_004","GT Clear cell boundary","false","1","0","T9_Nucleus_004","0.0","0.0000","NUCLEUS_OUTSIDE_TILE"
"p2_tile_14","P2 tile 14","T14_ClearCellBoundary_001","GT Clear cell boundary","false","1","0","T14_Nucleus_001","0.0","0.0000","NUCLEUS_OUTSIDE_TILE"
"p2_tile_14","P2 tile 14","T14_ClearCellBoundary_002","GT Clear cell boundary","true","1","1","T14_Nucleus_004","0.0","0.0000","OK"
"p2_tile_14","P2 tile 14","T14_ClearCellBoundary_003","GT Clear cell boundary","false","1","0","T14_Nucleus_002","0.0","0.0000","NUCLEUS_OUTSIDE_TILE"
"p2_tile_14","P2 tile 14","T14_ClearCellBoundary_004","GT Clear cell boundary","true","1","1","T14_Nucleus_005","0.0","0.0000","OK"
"p2_tile_14","P2 tile 14","T14_ClearCellBoundary_005","GT Clear cell boundary","true","1","1","T14_Nucleus_007","0.0","0.0000","OK"
"p2_tile_14","P2 tile 14","T14_CompactCellBoundary_002","GT Compact cell boundary","true","1","1","T14_Nucleus_006","0.0","0.0000","OK"
"p2_tile_14","P2 tile 14","T14_ClearCellBoundary_006","GT Clear cell boundary","true","1","1","T14_Nucleus_008","0.0","0.0000","OK"
"p2_tile_14","P2 tile 14","T14_ClearCellBoundary_007","GT Clear cell boundary","true","1","1","T14_Nucleus_009","0.0","0.0000","OK"
"p2_tile_14","P2 tile 14","T14_ClearCellBoundary_008","GT Clear cell boundary","true","1","1","T14_Nucleus_010","0.0","0.0000","OK"
"p2_tile_14","P2 tile 14","T14_ClearCellBoundary_009","GT Clear cell boundary","true","1","1","T14_Nucleus_011","0.0","0.0000","OK"
"p2_tile_14","P2 tile 14","T14_ClearCellBoundary_010","GT Clear cell boundary","true","1","1","T14_Nucleus_013","0.0","0.0000","OK"
"p2_tile_14","P2 tile 14","T14_ClearCellBoundary_011","GT Clear cell boundary","true","1","1","T14_Nucleus_012","0.0","0.0000","OK"
"p2_tile_14","P2 tile 14","T14_ClearCellBoundary_012","GT Clear cell boundary","true","1","1","T14_Nucleus_014","0.0","0.0000","OK"
"p2_tile_14","P2 tile 14","T13_ClearCellBoundary_011","GT Clear cell boundary","false","1","1","T13_Nucleus_010","0.0","0.0000","OK"
"p2_tile_14","P2 tile 14","T14_ClearCellBoundary_013","GT Clear cell boundary","true","1","1","T14_Nucleus_015","0.0","0.0000","OK"
"p2_tile_14","P2 tile 14","T14_CompactCellBoundary_003","GT Compact cell boundary","true","1","1","T14_Nucleus_017","0.0","0.0000","OK"
"p2_tile_14","P2 tile 14","T14_CompactCellBoundary_004","GT Compact cell boundary","true","1","1","T14_Nucleus_018","0.0","0.0000","OK"
"p2_tile_14","P2 tile 14","T14_ClearCellBoundary_014","GT Clear cell boundary","true","1","1","T14_Nucleus_019","0.0","0.0000","OK"
"p2_tile_14","P2 tile 14","T14_CompactCellBoundary_005","GT Compact cell boundary","true","1","1","T14_Nucleus_022","0.0","0.0000","OK"
"p2_tile_14","P2 tile 14","T12_CompactCellBoundary_010","GT Compact cell boundary","false","1","1","T12_Nucleus_026","0.0","0.0000","OK"
"p2_tile_14","P2 tile 14","T14_ClearCellBoundary_015","GT Clear cell boundary","true","1","1","T14_Nucleus_021","0.0","0.0000","OK"
"p2_tile_14","P2 tile 14","T13_ClearCellBoundary_017","GT Clear cell boundary","false","1","0","T13_Nucleus_022","0.0","0.0000","NUCLEUS_OUTSIDE_TILE"
"p2_tile_14","P2 tile 14","T14_ClearCellBoundary_016","GT Clear cell boundary","true","1","1","T14_Nucleus_023","10.2","0.0034","OK"
"p2_tile_14","P2 tile 14","T14_ClearCellBoundary_017","GT Clear cell boundary","true","1","1","T14_Nucleus_028","32.0","0.0089","OK"
"p2_tile_14","P2 tile 14","T14_CompactCellBoundary_006","GT Compact cell boundary","true","1","1","T14_Nucleus_024","0.0","0.0000","OK"
"p2_tile_14","P2 tile 14","T14_ClearCellBoundary_018","GT Clear cell boundary","true","1","1","T14_Nucleus_026","0.0","0.0000","OK"
"p2_tile_14","P2 tile 14","T14_ClearCellBoundary_019","GT Clear cell boundary","true","1","1","T14_Nucleus_025","0.0","0.0000","OK"
"p2_tile_14","P2 tile 14","T12_CompactCellBoundary_015","GT Compact cell boundary","false","1","1","T12_Nucleus_033","0.0","0.0000","OK"
"p2_tile_14","P2 tile 14","T14_ClearCellBoundary_020","GT Clear cell boundary","true","1","1","T14_Nucleus_029","0.0","0.0000","OK"
"p2_tile_14","P2 tile 14","T14_ClearCellBoundary_021","GT Clear cell boundary","true","1","1","T14_Nucleus_030","0.0","0.0000","OK"
"p2_tile_14","P2 tile 14","T14_ClearCellBoundary_022","GT Clear cell boundary","true","1","1","T14_Nucleus_031","0.0","0.0000","OK"
"p2_tile_14","P2 tile 14","T14_ClearCellBoundary_023","GT Clear cell boundary","true","1","1","T14_Nucleus_027","0.0","0.0000","OK"
"p2_tile_14","P2 tile 14","T14_CompactCellBoundary_007","GT Compact cell boundary","true","1","1","T14_Nucleus_032","0.0","0.0000","OK"
"p2_tile_14","P2 tile 14","T12_CompactCellBoundary_019","GT Compact cell boundary","false","1","1","T12_Nucleus_040","0.0","0.0000","OK"
"p2_tile_14","P2 tile 14","T14_ClearCellBoundary_024","GT Clear cell boundary","true","1","1","T14_Nucleus_033","0.0","0.0000","OK"
"p2_tile_14","P2 tile 14","T14_ClearCellBoundary_025","GT Clear cell boundary","true","1","1","T14_Nucleus_034","0.0","0.0000","OK"
"p2_tile_14","P2 tile 14","T14_ClearCellBoundary_026","GT Clear cell boundary","true","1","1","T14_Nucleus_035","0.0","0.0000","OK"
"p2_tile_14","P2 tile 14","T14_CompactCellBoundary_008","GT Compact cell boundary","true","1","1","T14_Nucleus_036","0.0","0.0000","OK"
"p2_tile_14","P2 tile 14","T14_CompactCellBoundary_009","GT Compact cell boundary","true","1","1","T14_Nucleus_037","0.0","0.0000","OK"
"p2_tile_14","P2 tile 14","T13_ClearCellBoundary_035","GT Clear cell boundary","false","1","0","T13_Nucleus_039","0.0","0.0000","NUCLEUS_OUTSIDE_TILE"
"p2_tile_14","P2 tile 14","T14_ClearCellBoundary_027","GT Clear cell boundary","true","1","1","T14_Nucleus_038","0.0","0.0000","OK"
"p2_tile_14","P2 tile 14","T11_CompactCellBoundary_001","GT Compact cell boundary","false","1","1","T11_Nucleus_001","0.0","0.0000","OK"
"p2_tile_14","P2 tile 14","T14_CompactCellBoundary_010","GT Compact cell boundary","true","1","1","T14_Nucleus_039","0.0","0.0000","OK"
"p2_tile_14","P2 tile 14","T14_ClearCellBoundary_028","GT Clear cell boundary","true","1","1","T14_Nucleus_040","0.0","0.0000","OK"
"p2_tile_14","P2 tile 14","T13_ClearCellBoundary_037","GT Clear cell boundary","false","1","1","T13_Nucleus_041","0.0","0.0000","OK"
"p2_tile_14","P2 tile 14","T10_ClearCellBoundary_001","GT Clear cell boundary","false","1","1","T10_Nucleus_002","0.0","0.0000","OK"
"p2_tile_15","P2 tile 15","T10_CompactCellBoundary_001","GT Compact cell boundary","false","1","1","T10_Nucleus_024","0.0","0.0000","OK"
"p2_tile_15","P2 tile 15","T15_ClearCellBoundary_001","GT Clear cell boundary","true","1","1","T15_Nucleus_001","6.0","0.0008","OK"
"p2_tile_15","P2 tile 15","T15_ClearCellBoundary_002","GT Clear cell boundary","true","1","1","T15_Nucleus_002","0.0","0.0000","OK"
"p2_tile_15","P2 tile 15","T15_ClearCellBoundary_003","GT Clear cell boundary","true","1","1","T15_Nucleus_005","0.0","0.0000","OK"
"p2_tile_15","P2 tile 15","T10_CompactCellBoundary_002","GT Compact cell boundary","false","1","1","T10_Nucleus_025","0.0","0.0000","OK"
"p2_tile_15","P2 tile 15","T15_ClearCellBoundary_004","GT Clear cell boundary","true","1","1","T15_Nucleus_004","0.0","0.0000","OK"
"p2_tile_15","P2 tile 15","T15_ClearCellBoundary_005","GT Clear cell boundary","true","1","1","T15_Nucleus_008","19.0","0.0016","OK"
"p2_tile_15","P2 tile 15","T15_ClearCellBoundary_006","GT Clear cell boundary","true","1","1","T15_Nucleus_003","0.0","0.0000","OK"
"p2_tile_15","P2 tile 15","T15_ClearCellBoundary_007","GT Clear cell boundary","true","1","1","T15_Nucleus_006","0.0","0.0000","OK"
"p2_tile_15","P2 tile 15","T15_ClearCellBoundary_008","GT Clear cell boundary","true","1","1","T15_Nucleus_009","0.0","0.0000","OK"
"p2_tile_15","P2 tile 15","T15_ClearCellBoundary_009","GT Clear cell boundary","true","1","1","T15_Nucleus_007","1.5","0.0004","OK"
"p2_tile_15","P2 tile 15","T15_ClearCellBoundary_010","GT Clear cell boundary","true","1","1","T15_Nucleus_010","0.0","0.0000","OK"
"p2_tile_15","P2 tile 15","T15_ClearCellBoundary_011","GT Clear cell boundary","true","1","1","T15_Nucleus_011","0.0","0.0000","OK"
"p2_tile_15","P2 tile 15","T15_ClearCellBoundary_012","GT Clear cell boundary","true","1","1","T15_Nucleus_013","0.0","0.0000","OK"
"p2_tile_15","P2 tile 15","T15_CompactCellBoundary_001","GT Compact cell boundary","true","1","1","T15_Nucleus_012","14.5","0.0058","OK"
"p2_tile_15","P2 tile 15","T15_ClearCellBoundary_013","GT Clear cell boundary","true","1","1","T15_Nucleus_014","0.0","0.0000","OK"
"p2_tile_15","P2 tile 15","T15_CompactCellBoundary_002","GT Compact cell boundary","true","1","1","T15_Nucleus_015","0.0","0.0000","OK"
"p2_tile_15","P2 tile 15","T15_ClearCellBoundary_015","GT Clear cell boundary","true","1","1","T15_Nucleus_017","0.0","0.0000","OK"
"p2_tile_15","P2 tile 15","T15_ClearCellBoundary_016","GT Clear cell boundary","true","1","1","T15_Nucleus_018","0.0","0.0000","OK"
"p2_tile_15","P2 tile 15","T15_ClearCellBoundary_017","GT Clear cell boundary","true","1","1","T15_Nucleus_019","0.0","0.0000","OK"
"p2_tile_15","P2 tile 15","T15_CompactCellBoundary_003","GT Compact cell boundary","true","1","1","T15_Nucleus_020","0.0","0.0000","OK"
"p2_tile_15","P2 tile 15","T15_CompactCellBoundary_004","GT Compact cell boundary","true","1","1","T15_Nucleus_021","0.0","0.0000","OK"
"p2_tile_15","P2 tile 15","T15_CompactCellBoundary_005","GT Compact cell boundary","true","1","1","T15_Nucleus_022","0.0","0.0000","OK"
"p2_tile_15","P2 tile 15","T15_CompactCellBoundary_006","GT Compact cell boundary","true","1","1","T15_Nucleus_023","0.0","0.0000","OK"
"p2_tile_15","P2 tile 15","T15_ClearCellBoundary_018","GT Clear cell boundary","true","1","1","T15_Nucleus_024","0.0","0.0000","OK"
"p2_tile_16","P2 tile 16","T16_ClearCellBoundary_003","GT Clear cell boundary","true","1","1","T16_Nucleus_003","0.0","0.0000","OK"
"p2_tile_16","P2 tile 16","T16_ClearCellBoundary_004","GT Clear cell boundary","true","1","1","T16_Nucleus_006","0.0","0.0000","OK"
"p2_tile_16","P2 tile 16","T16_ClearCellBoundary_005","GT Clear cell boundary","true","1","1","T16_Nucleus_004","0.0","0.0000","OK"
"p2_tile_16","P2 tile 16","T16_CompactCellBoundary_001","GT Compact cell boundary","true","1","1","T16_Nucleus_007","0.0","0.0000","OK"
"p2_tile_16","P2 tile 16","T16_CompactCellBoundary_002","GT Compact cell boundary","true","1","1","T16_Nucleus_005","0.0","0.0000","OK"
"p2_tile_16","P2 tile 16","T16_ClearCellBoundary_006","GT Clear cell boundary","true","1","1","T16_Nucleus_010","0.0","0.0000","OK"
"p2_tile_16","P2 tile 16","T16_CompactCellBoundary_003","GT Compact cell boundary","true","1","1","T16_Nucleus_008","0.0","0.0000","OK"
"p2_tile_16","P2 tile 16","T16_ClearCellBoundary_007","GT Clear cell boundary","true","1","1","T16_Nucleus_009","0.0","0.0000","OK"
"p2_tile_16","P2 tile 16","T16_CompactCellBoundary_004","GT Compact cell boundary","true","1","1","T16_Nucleus_011","0.0","0.0000","OK"
"p2_tile_16","P2 tile 16","T16_ClearCellBoundary_008","GT Clear cell boundary","true","1","1","T16_Nucleus_013","0.0","0.0000","OK"
"p2_tile_16","P2 tile 16","T16_CompactCellBoundary_005","GT Compact cell boundary","true","1","1","T16_Nucleus_016","0.0","0.0000","OK"
"p2_tile_16","P2 tile 16","T16_CompactCellBoundary_006","GT Compact cell boundary","true","1","1","T16_Nucleus_014","0.0","0.0000","OK"
"p2_tile_16","P2 tile 16","T16_CompactCellBoundary_007","GT Compact cell boundary","true","1","1","T16_Nucleus_012","0.0","0.0000","OK"
"p2_tile_16","P2 tile 16","T16_ClearCellBoundary_009","GT Clear cell boundary","true","1","1","T16_Nucleus_015","0.0","0.0000","OK"
"p2_tile_16","P2 tile 16","T16_ClearCellBoundary_010","GT Clear cell boundary","true","1","1","T16_Nucleus_018","0.0","0.0000","OK"
"p2_tile_16","P2 tile 16","T16_CompactCellBoundary_008","GT Compact cell boundary","true","1","1","T16_Nucleus_020","0.0","0.0000","OK"
"p2_tile_16","P2 tile 16","T16_ClearCellBoundary_011","GT Clear cell boundary","true","1","1","T16_Nucleus_017","0.0","0.0000","OK"
"p2_tile_16","P2 tile 16","T16_ClearCellBoundary_012","GT Clear cell boundary","false","1","0","T16_Nucleus_019","0.0","0.0000","NUCLEUS_OUTSIDE_TILE"
"p2_tile_16","P2 tile 16","T16_CompactCellBoundary_009","GT Compact cell boundary","true","1","1","T16_Nucleus_022","0.0","0.0000","OK"
"p2_tile_16","P2 tile 16","T16_CompactCellBoundary_010","GT Compact cell boundary","true","1","1","T16_Nucleus_021","0.0","0.0000","OK"
"p2_tile_16","P2 tile 16","T16_ClearCellBoundary_013","GT Clear cell boundary","true","1","1","T16_Nucleus_024","0.0","0.0000","OK"
"p2_tile_16","P2 tile 16","T16_CompactCellBoundary_011","GT Compact cell boundary","true","1","1","T16_Nucleus_023","0.0","0.0000","OK"
"p2_tile_16","P2 tile 16","","GT Clear cell boundary","false","0","0","","0.0","0.0000","ZERO_NUCLEUS"
"p2_tile_16","P2 tile 16","T16_ClearCellBoundary_014","GT Clear cell boundary","true","1","1","T16_Nucleus_027","0.0","0.0000","OK"
"p2_tile_16","P2 tile 16","T16_ClearCellBoundary_015","GT Clear cell boundary","true","1","1","T16_Nucleus_025","0.0","0.0000","OK"
"p2_tile_16","P2 tile 16","T15_ClearCellBoundary_014","GT Clear cell boundary","false","1","1","T15_Nucleus_016","0.0","0.0000","OK"
"p2_tile_16","P2 tile 16","T16_ClearCellBoundary_016","GT Clear cell boundary","true","1","1","T16_Nucleus_028","0.0","0.0000","OK"
"p2_tile_16","P2 tile 16","T16_ClearCellBoundary_018","GT Clear cell boundary","true","1","1","T16_Nucleus_026","0.0","0.0000","OK"
"p2_tile_16","P2 tile 16","T16_ClearCellBoundary_019","GT Clear cell boundary","true","1","1","T16_Nucleus_031","0.0","0.0000","OK"
"p2_tile_16","P2 tile 16","T16_ClearCellBoundary_020","GT Clear cell boundary","true","1","1","T16_Nucleus_030","0.0","0.0000","OK"
"p2_tile_16","P2 tile 16","T16_ClearCellBoundary_021","GT Clear cell boundary","true","1","1","T16_Nucleus_034","0.0","0.0000","OK"
"p2_tile_16","P2 tile 16","T16_ClearCellBoundary_022","GT Clear cell boundary","true","1","1","T16_Nucleus_033","0.0","0.0000","OK"
"p2_tile_16","P2 tile 16","T16_CompactCellBoundary_013","GT Compact cell boundary","true","1","1","T16_Nucleus_036","0.0","0.0000","OK"
"p2_tile_16","P2 tile 16","T16_CompactCellBoundary_014","GT Compact cell boundary","true","1","1","T16_Nucleus_038","0.0","0.0000","OK"
"p2_tile_16","P2 tile 16","T16_CompactCellBoundary_015","GT Compact cell boundary","true","1","1","T16_Nucleus_040","0.0","0.0000","OK"
"p2_tile_16","P2 tile 16","T16_CompactCellBoundary_017","GT Compact cell boundary","true","1","1","T16_Nucleus_042","0.0","0.0000","OK"
"p2_tile_16","P2 tile 16","T16_ClearCellBoundary_024","GT Clear cell boundary","true","1","1","T16_Nucleus_043","0.0","0.0000","OK"
"p2_tile_16","P2 tile 16","T16_ClearCellBoundary_025","GT Clear cell boundary","false","1","0","T16_Nucleus_047","0.0","0.0000","NUCLEUS_OUTSIDE_TILE"
"p2_tile_16","P2 tile 16","T16_ClearCellBoundary_026","GT Clear cell boundary","false","1","0","T16_Nucleus_046","0.0","0.0000","NUCLEUS_OUTSIDE_TILE"
"p2_tile_16","P2 tile 16","T16_CompactCellBoundary_018","GT Compact cell boundary","true","1","1","T16_Nucleus_044","0.0","0.0000","OK"
"p2_tile_16","P2 tile 16","T16_ClearCellBoundary_027","GT Clear cell boundary","false","1","0","T16_Nucleus_048","0.0","0.0000","NUCLEUS_OUTSIDE_TILE"
"p2_tile_16","P2 tile 16","T16_CompactCellBoundary_019","GT Compact cell boundary","true","1","1","T16_Nucleus_045","0.0","0.0000","OK"
"p2_tile_17","P2 tile 17","T16_ClearCellBoundary_028","GT Clear cell boundary","false","1","1","T16_Nucleus_049","0.0","0.0000","OK"
"p2_tile_17","P2 tile 17","T16_CompactCellBoundary_020","GT Compact cell boundary","false","1","1","T16_Nucleus_051","0.0","0.0000","OK"
"p2_tile_17","P2 tile 17","T16_CompactCellBoundary_021","GT Compact cell boundary","false","1","1","T16_Nucleus_050","0.0","0.0000","OK"
"p2_tile_17","P2 tile 17","T16_CompactCellBoundary_022","GT Compact cell boundary","false","1","1","T16_Nucleus_053","0.0","0.0000","OK"
"p2_tile_17","P2 tile 17","T16_CompactCellBoundary_023","GT Compact cell boundary","false","1","1","T16_Nucleus_052","0.0","0.0000","OK"
"p2_tile_17","P2 tile 17","T16_CompactCellBoundary_024","GT Compact cell boundary","false","1","1","T16_Nucleus_054","0.0","0.0000","OK"
"p2_tile_17","P2 tile 17","T17_CompactCellBoundary_001","GT Compact cell boundary","true","1","1","T17_Nucleus_001","0.0","0.0000","OK"
"p2_tile_17","P2 tile 17","T17_ClearCellBoundary_001","GT Clear cell boundary","true","1","1","T17_Nucleus_003","0.0","0.0000","OK"
"p2_tile_17","P2 tile 17","T17_ClearCellBoundary_002","GT Clear cell boundary","true","1","1","T17_Nucleus_005","0.0","0.0000","OK"
"p2_tile_17","P2 tile 17","T17_ClearCellBoundary_003","GT Clear cell boundary","false","1","0","T17_Nucleus_004","0.0","0.0000","NUCLEUS_OUTSIDE_TILE"
"p2_tile_17","P2 tile 17","T17_ClearCellBoundary_004","GT Clear cell boundary","true","1","1","T17_Nucleus_007","0.0","0.0000","OK"
"p2_tile_17","P2 tile 17","T17_CompactCellBoundary_002","GT Compact cell boundary","true","1","1","T17_Nucleus_006","0.0","0.0000","OK"
"p2_tile_17","P2 tile 17","T17_ClearCellBoundary_005","GT Clear cell boundary","true","1","1","T17_Nucleus_010","0.0","0.0000","OK"
"p2_tile_17","P2 tile 17","T17_ClearCellBoundary_006","GT Clear cell boundary","true","1","1","T17_Nucleus_009","0.0","0.0000","OK"
"p2_tile_17","P2 tile 17","T17_ClearCellBoundary_007","GT Clear cell boundary","true","1","1","T17_Nucleus_012","0.0","0.0000","OK"
"p2_tile_17","P2 tile 17","T17_ClearCellBoundary_009","GT Clear cell boundary","true","1","1","T17_Nucleus_014","0.0","0.0000","OK"
"p2_tile_17","P2 tile 17","T17_ClearCellBoundary_010","GT Clear cell boundary","true","1","1","T17_Nucleus_013","0.0","0.0000","OK"
"p2_tile_17","P2 tile 17","T17_ClearCellBoundary_012","GT Clear cell boundary","true","1","1","T17_Nucleus_016","0.0","0.0000","OK"
"p2_tile_17","P2 tile 17","T17_ClearCellBoundary_013","GT Clear cell boundary","true","1","1","T17_Nucleus_017","0.0","0.0000","OK"
"p2_tile_17","P2 tile 17","T17_ClearCellBoundary_015","GT Clear cell boundary","true","1","1","T17_Nucleus_018","0.0","0.0000","OK"
"p2_tile_17","P2 tile 17","T17_ClearCellBoundary_016","GT Clear cell boundary","true","1","1","T17_Nucleus_020","0.0","0.0000","OK"
"p2_tile_17","P2 tile 17","T17_ClearCellBoundary_017","GT Clear cell boundary","true","1","1","T17_Nucleus_021","0.0","0.0000","OK"
"p2_tile_17","P2 tile 17","T17_ClearCellBoundary_018","GT Clear cell boundary","true","1","1","T17_Nucleus_022","0.0","0.0000","OK"
"p2_tile_17","P2 tile 17","T17_ClearCellBoundary_019","GT Clear cell boundary","true","1","1","T17_Nucleus_023","0.0","0.0000","OK"
"p2_tile_17","P2 tile 17","T17_ClearCellBoundary_020","GT Clear cell boundary","true","1","1","T17_Nucleus_025","0.0","0.0000","OK"
"p2_tile_18","P2 tile 18","T18_ClearCellBoundary_002","GT Clear cell boundary","true","1","1","T18_Nucleus_003","0.0","0.0000","OK"
"p2_tile_18","P2 tile 18","T18_ClearCellBoundary_003","GT Clear cell boundary","true","1","1","T18_Nucleus_002","0.0","0.0000","OK"
"p2_tile_18","P2 tile 18","T18_ClearCellBoundary_004","GT Clear cell boundary","true","1","1","T18_Nucleus_004","0.0","0.0000","OK"
"p2_tile_18","P2 tile 18","T18_ClearCellBoundary_005","GT Clear cell boundary","true","1","1","T18_Nucleus_005","0.0","0.0000","OK"
"p2_tile_18","P2 tile 18","T18_ClearCellBoundary_006","GT Clear cell boundary","true","1","1","T18_Nucleus_006","0.0","0.0000","OK"
"p2_tile_18","P2 tile 18","T18_ClearCellBoundary_007","GT Clear cell boundary","true","1","1","T18_Nucleus_007","0.0","0.0000","OK"
"p2_tile_18","P2 tile 18","T18_ClearCellBoundary_008","GT Clear cell boundary","true","1","1","T18_Nucleus_008","0.0","0.0000","OK"
"p2_tile_18","P2 tile 18","T18_ClearCellBoundary_009","GT Clear cell boundary","true","1","1","T18_Nucleus_009","0.0","0.0000","OK"
"p2_tile_18","P2 tile 18","T18_CompactCellBoundary_001","GT Compact cell boundary","true","1","1","T18_Nucleus_010","0.0","0.0000","OK"
"p2_tile_18","P2 tile 18","T18_ClearCellBoundary_010","GT Clear cell boundary","true","1","1","T18_Nucleus_012","0.0","0.0000","OK"
"p2_tile_18","P2 tile 18","T18_ClearCellBoundary_011","GT Clear cell boundary","true","1","1","T18_Nucleus_015","0.0","0.0000","OK"
"p2_tile_18","P2 tile 18","T18_ClearCellBoundary_012","GT Clear cell boundary","false","1","0","T18_Nucleus_011","0.0","0.0000","NUCLEUS_OUTSIDE_TILE"
"p2_tile_18","P2 tile 18","T18_ClearCellBoundary_013","GT Clear cell boundary","true","1","1","T18_Nucleus_013","0.0","0.0000","OK"
"p2_tile_18","P2 tile 18","T18_ClearCellBoundary_014","GT Clear cell boundary","true","1","1","T18_Nucleus_016","0.0","0.0000","OK"
"p2_tile_18","P2 tile 18","T18_ClearCellBoundary_015","GT Clear cell boundary","true","1","1","T18_Nucleus_017","0.0","0.0000","OK"
"p2_tile_18","P2 tile 18","T18_CompactCellBoundary_002","GT Compact cell boundary","true","1","1","T18_Nucleus_018","0.0","0.0000","OK"
"p2_tile_18","P2 tile 18","T18_CompactCellBoundary_003","GT Compact cell boundary","true","1","1","T18_Nucleus_021","0.0","0.0000","OK"
"p2_tile_18","P2 tile 18","T18_CompactCellBoundary_004","GT Compact cell boundary","true","1","1","T18_Nucleus_022","0.0","0.0000","OK"
"p2_tile_18","P2 tile 18","T18_ClearCellBoundary_016","GT Clear cell boundary","true","1","1","T18_Nucleus_020","28.0","0.0029","OK"
"p2_tile_18","P2 tile 18","T18_CompactCellBoundary_005","GT Compact cell boundary","true","1","1","T18_Nucleus_023","0.0","0.0000","OK"
"p2_tile_18","P2 tile 18","T18_CompactCellBoundary_006","GT Compact cell boundary","true","1","1","T18_Nucleus_024","0.0","0.0000","OK"
"p2_tile_18","P2 tile 18","T18_CompactCellBoundary_007","GT Compact cell boundary","true","1","1","T18_Nucleus_025","0.0","0.0000","OK"
"p2_tile_18","P2 tile 18","T12_CompactCellBoundary_001","GT Compact cell boundary","false","1","1","T12_Nucleus_001","0.0","0.0000","OK"
"p2_tile_18","P2 tile 18","T18_CompactCellBoundary_008","GT Compact cell boundary","true","1","1","T18_Nucleus_026","0.0","0.0000","OK"
"p2_tile_18","P2 tile 18","T12_ClearCellBoundary_001","GT Clear cell boundary","false","1","0","T12_Nucleus_002","0.0","0.0000","NUCLEUS_OUTSIDE_TILE"
"p2_tile_19","P2 tile 19","T19_ClearCellBoundary_002","GT Clear cell boundary","true","1","1","T19_Nucleus_003","0.0","0.0000","OK"
"p2_tile_19","P2 tile 19","T19_ClearCellBoundary_003","GT Clear cell boundary","true","1","1","T19_Nucleus_002","0.0","0.0000","OK"
"p2_tile_19","P2 tile 19","T19_ClearCellBoundary_004","GT Clear cell boundary","true","1","1","T19_Nucleus_006","0.0","0.0000","OK"
"p2_tile_19","P2 tile 19","T19_ClearCellBoundary_005","GT Clear cell boundary","true","1","1","T19_Nucleus_004","0.0","0.0000","OK"
"p2_tile_19","P2 tile 19","T19_ClearCellBoundary_006","GT Clear cell boundary","true","1","1","T19_Nucleus_007","0.0","0.0000","OK"
"p2_tile_19","P2 tile 19","T19_ClearCellBoundary_007","GT Clear cell boundary","true","1","1","T19_Nucleus_005","0.0","0.0000","OK"
"p2_tile_19","P2 tile 19","T19_ClearCellBoundary_008","GT Clear cell boundary","true","1","1","T19_Nucleus_008","0.0","0.0000","OK"
"p2_tile_19","P2 tile 19","T19_ClearCellBoundary_009","GT Clear cell boundary","true","1","1","T19_Nucleus_009","0.0","0.0000","OK"
"p2_tile_19","P2 tile 19","T19_ClearCellBoundary_010","GT Clear cell boundary","true","1","1","T19_Nucleus_010","0.0","0.0000","OK"
"p2_tile_19","P2 tile 19","T19_ClearCellBoundary_011","GT Clear cell boundary","true","1","1","T19_Nucleus_011","0.0","0.0000","OK"
"p2_tile_19","P2 tile 19","T19_ClearCellBoundary_012","GT Clear cell boundary","true","1","1","T19_Nucleus_013","0.0","0.0000","OK"
"p2_tile_19","P2 tile 19","T19_ClearCellBoundary_013","GT Clear cell boundary","true","1","1","T19_Nucleus_012","0.0","0.0000","OK"
"p2_tile_19","P2 tile 19","T19_CompactCellBoundary_001","GT Compact cell boundary","true","1","1","T19_Nucleus_014","0.0","0.0000","OK"
"p2_tile_19","P2 tile 19","T19_ClearCellBoundary_014","GT Clear cell boundary","true","1","1","T19_Nucleus_015","0.0","0.0000","OK"
"p2_tile_19","P2 tile 19","T19_ClearCellBoundary_015","GT Clear cell boundary","true","1","1","T19_Nucleus_016","0.0","0.0000","OK"
"p2_tile_19","P2 tile 19","T19_ClearCellBoundary_016","GT Clear cell boundary","true","1","1","T19_Nucleus_017","0.0","0.0000","OK"
"p2_tile_19","P2 tile 19","T19_ClearCellBoundary_017","GT Clear cell boundary","true","1","1","T19_Nucleus_018","0.0","0.0000","OK"
"p2_tile_19","P2 tile 19","T19_ClearCellBoundary_018","GT Clear cell boundary","true","1","1","T19_Nucleus_019","0.0","0.0000","OK"
"p2_tile_19","P2 tile 19","T19_ClearCellBoundary_019","GT Clear cell boundary","true","1","1","T19_Nucleus_021","0.0","0.0000","OK"
"p2_tile_19","P2 tile 19","T19_ClearCellBoundary_020","GT Clear cell boundary","true","1","1","T19_Nucleus_020","0.0","0.0000","OK"
"p2_tile_19","P2 tile 19","T19_ClearCellBoundary_021","GT Clear cell boundary","true","1","1","T19_Nucleus_022","0.0","0.0000","OK"
"p2_tile_19","P2 tile 19","T19_ClearCellBoundary_022","GT Clear cell boundary","true","1","1","T19_Nucleus_023","0.0","0.0000","OK"
"p2_tile_19","P2 tile 19","T19_ClearCellBoundary_023","GT Clear cell boundary","true","1","1","T19_Nucleus_024","0.0","0.0000","OK"
"p2_tile_20","P2 tile 20","T20_ClearCellBoundary_001","GT Clear cell boundary","true","1","1","T20_Nucleus_001","0.0","0.0000","OK"
"p2_tile_20","P2 tile 20","T19_ClearCellBoundary_024","GT Clear cell boundary","false","1","1","T19_Nucleus_025","0.0","0.0000","OK"
"p2_tile_20","P2 tile 20","T20_ClearCellBoundary_003","GT Clear cell boundary","true","1","1","T20_Nucleus_002","0.0","0.0000","OK"
"p2_tile_20","P2 tile 20","T20_CompactCellBoundary_001","GT Compact cell boundary","true","1","1","T20_Nucleus_004","0.0","0.0000","OK"
"p2_tile_20","P2 tile 20","T20_ClearCellBoundary_004","GT Clear cell boundary","true","1","1","T20_Nucleus_005","0.0","0.0000","OK"
"p2_tile_20","P2 tile 20","T20_ClearCellBoundary_005","GT Clear cell boundary","true","1","1","T20_Nucleus_006","0.0","0.0000","OK"
"p2_tile_20","P2 tile 20","T20_ClearCellBoundary_006","GT Clear cell boundary","true","1","1","T20_Nucleus_007","0.0","0.0000","OK"
"p2_tile_20","P2 tile 20","T20_ClearCellBoundary_007","GT Clear cell boundary","true","1","1","T20_Nucleus_010","0.0","0.0000","OK"
"p2_tile_20","P2 tile 20","T20_ClearCellBoundary_008","GT Clear cell boundary","true","1","1","T20_Nucleus_008","0.0","0.0000","OK"
"p2_tile_20","P2 tile 20","T20_ClearCellBoundary_009","GT Clear cell boundary","true","1","1","T20_Nucleus_009","0.0","0.0000","OK"
"p2_tile_20","P2 tile 20","T20_ClearCellBoundary_010","GT Clear cell boundary","true","1","1","T20_Nucleus_011","0.0","0.0000","OK"
"p2_tile_20","P2 tile 20","T20_ClearCellBoundary_011","GT Clear cell boundary","true","1","1","T20_Nucleus_012","0.0","0.0000","OK"
"p2_tile_20","P2 tile 20","T20_ClearCellBoundary_012","GT Clear cell boundary","true","1","1","T20_Nucleus_013","0.0","0.0000","OK"
"p2_tile_20","P2 tile 20","T20_ClearCellBoundary_013","GT Clear cell boundary","true","1","1","T20_Nucleus_015","0.0","0.0000","OK"
"p2_tile_20","P2 tile 20","T12_ClearCellBoundary_020","GT Clear cell boundary","false","1","1","T12_Nucleus_045","0.0","0.0000","OK"
"p2_tile_20","P2 tile 20","T20_ClearCellBoundary_015","GT Clear cell boundary","true","1","1","T20_Nucleus_016","0.0","0.0000","OK"
"p2_tile_20","P2 tile 20","T20_ClearCellBoundary_016","GT Clear cell boundary","true","1","1","T20_Nucleus_018","0.0","0.0000","OK"
"p2_tile_20","P2 tile 20","T20_ClearCellBoundary_017","GT Clear cell boundary","true","1","1","T20_Nucleus_019","0.0","0.0000","OK"
"p2_tile_20","P2 tile 20","T20_ClearCellBoundary_018","GT Clear cell boundary","true","1","1","T20_Nucleus_017","0.0","0.0000","OK"
"p2_tile_20","P2 tile 20","T12_ClearCellBoundary_026","GT Clear cell boundary","false","1","1","T12_Nucleus_057","0.0","0.0000","OK"
"p2_tile_20","P2 tile 20","T20_ClearCellBoundary_019","GT Clear cell boundary","true","1","1","T20_Nucleus_021","0.0","0.0000","OK"
"yolo_tile_21","yolo_tile_21","yolo_T21_CompactCellBoundary_001","GT Compact cell boundary","true","1","1","yolo_T21_Nucleus_004","0.0","0.0000","OK"
"yolo_tile_21","yolo_tile_21","yolo_T21_ClearCellBoundary_001","GT Clear cell boundary","true","1","1","yolo_T21_Nucleus_002","0.0","0.0000","OK"
"yolo_tile_21","yolo_tile_21","yolo_T21_ClearCellBoundary_002","GT Clear cell boundary","true","1","1","yolo_T21_Nucleus_003","0.0","0.0000","OK"
"yolo_tile_21","yolo_tile_21","yolo_T21_ClearCellBoundary_003","GT Clear cell boundary","true","1","1","yolo_T21_Nucleus_005","0.0","0.0000","OK"
"yolo_tile_21","yolo_tile_21","yolo_T21_CompactCellBoundary_002","GT Compact cell boundary","true","1","1","yolo_T21_Nucleus_007","0.0","0.0000","OK"
"yolo_tile_21","yolo_tile_21","yolo_T21_CompactCellBoundary_003","GT Compact cell boundary","true","1","1","yolo_T21_Nucleus_006","0.0","0.0000","OK"
"yolo_tile_21","yolo_tile_21","yolo_T21_CompactCellBoundary_004","GT Compact cell boundary","true","1","1","yolo_T21_Nucleus_008","0.0","0.0000","OK"
"yolo_tile_21","yolo_tile_21","yolo_T21_CompactCellBoundary_005","GT Compact cell boundary","true","1","1","yolo_T21_Nucleus_009","0.0","0.0000","OK"
"yolo_tile_21","yolo_tile_21","yolo_T21_CompactCellBoundary_006","GT Compact cell boundary","true","1","1","yolo_T21_Nucleus_011","0.0","0.0000","OK"
"yolo_tile_21","yolo_tile_21","yolo_T21_CompactCellBoundary_007","GT Compact cell boundary","true","1","1","yolo_T21_Nucleus_010","0.0","0.0000","OK"
"yolo_tile_21","yolo_tile_21","yolo_T21_CompactCellBoundary_008","GT Compact cell boundary","true","1","1","yolo_T21_Nucleus_012","0.0","0.0000","OK"
"yolo_tile_21","yolo_tile_21","yolo_T21_ClearCellBoundary_004","GT Clear cell boundary","true","1","1","yolo_T21_Nucleus_014","0.0","0.0000","OK"
"yolo_tile_21","yolo_tile_21","yolo_T21_CompactCellBoundary_009","GT Compact cell boundary","true","1","1","yolo_T21_Nucleus_013","0.0","0.0000","OK"
"yolo_tile_21","yolo_tile_21","yolo_T21_ClearCellBoundary_005","GT Clear cell boundary","true","1","1","yolo_T21_Nucleus_015","0.0","0.0000","OK"
"yolo_tile_21","yolo_tile_21","yolo_T21_CompactCellBoundary_010","GT Compact cell boundary","true","1","1","yolo_T21_Nucleus_016","0.0","0.0000","OK"
"yolo_tile_21","yolo_tile_21","yolo_T21_CompactCellBoundary_011","GT Compact cell boundary","true","1","1","yolo_T21_Nucleus_017","0.0","0.0000","OK"
"yolo_tile_21","yolo_tile_21","","GT Clear cell boundary","false","0","0","","0.0","0.0000","ZERO_NUCLEUS"
"yolo_tile_21","yolo_tile_21","yolo_T21_CompactCellBoundary_012","GT Compact cell boundary","true","1","1","yolo_T21_Nucleus_018","0.0","0.0000","OK"
"yolo_tile_21","yolo_tile_21","yolo_T21_CompactCellBoundary_013","GT Compact cell boundary","true","1","1","yolo_T21_Nucleus_020","0.0","0.0000","OK"
"yolo_tile_21","yolo_tile_21","yolo_T21_ClearCellBoundary_006","GT Clear cell boundary","true","1","1","yolo_T21_Nucleus_019","0.0","0.0000","OK"
"yolo_tile_21","yolo_tile_21","yolo_T21_CompactCellBoundary_014","GT Compact cell boundary","true","1","1","yolo_T21_Nucleus_021","0.0","0.0000","OK"
"yolo_tile_21","yolo_tile_21","yolo_T21_CompactCellBoundary_015","GT Compact cell boundary","true","1","1","yolo_T21_Nucleus_022","0.0","0.0000","OK"
"yolo_tile_21","yolo_tile_21","yolo_T21_CompactCellBoundary_016","GT Compact cell boundary","true","1","1","yolo_T21_Nucleus_023","0.0","0.0000","OK"
"yolo_tile_21","yolo_tile_21","yolo_T21_ClearCellBoundary_007","GT Clear cell boundary","true","1","1","yolo_T21_Nucleus_024","0.0","0.0000","OK"
"yolo_tile_21","yolo_tile_21","yolo_T21_ClearCellBoundary_008","GT Clear cell boundary","true","1","1","yolo_T21_Nucleus_026","0.0","0.0000","OK"
"yolo_tile_21","yolo_tile_21","yolo_T21_CompactCellBoundary_017","GT Compact cell boundary","true","1","1","yolo_T21_Nucleus_025","0.0","0.0000","OK"
"yolo_tile_21","yolo_tile_21","yolo_T21_ClearCellBoundary_009","GT Clear cell boundary","true","1","1","yolo_T21_Nucleus_028","0.0","0.0000","OK"
"yolo_tile_21","yolo_tile_21","yolo_T21_ClearCellBoundary_010","GT Clear cell boundary","true","1","1","yolo_T21_Nucleus_027","0.0","0.0000","OK"
"yolo_tile_21","yolo_tile_21","yolo_T21_ClearCellBoundary_011","GT Clear cell boundary","true","1","1","yolo_T21_Nucleus_029","0.0","0.0000","OK"
"yolo_tile_21","yolo_tile_21","yolo_T21_ClearCellBoundary_012","GT Clear cell boundary","true","1","1","yolo_T21_Nucleus_031","0.0","0.0000","OK"
"yolo_tile_21","yolo_tile_21","yolo_T21_ClearCellBoundary_013","GT Clear cell boundary","true","1","1","yolo_T21_Nucleus_032","0.0","0.0000","OK"
"yolo_tile_21","yolo_tile_21","yolo_T21_ClearCellBoundary_014","GT Clear cell boundary","true","1","1","yolo_T21_Nucleus_030","0.0","0.0000","OK"
"yolo_tile_21","yolo_tile_21","yolo_T21_ClearCellBoundary_015","GT Clear cell boundary","true","1","1","yolo_T21_Nucleus_036","0.0","0.0000","OK"
"yolo_tile_21","yolo_tile_21","yolo_T21_ClearCellBoundary_016","GT Clear cell boundary","true","1","1","yolo_T21_Nucleus_035","0.0","0.0000","OK"
"yolo_tile_21","yolo_tile_21","yolo_T21_ClearCellBoundary_017","GT Clear cell boundary","true","1","1","yolo_T21_Nucleus_033","0.0","0.0000","OK"
"yolo_tile_21","yolo_tile_21","yolo_T21_ClearCellBoundary_018","GT Clear cell boundary","true","1","1","yolo_T21_Nucleus_034","0.0","0.0000","OK"
"yolo_tile_21","yolo_tile_21","yolo_T21_CompactCellBoundary_018","GT Compact cell boundary","true","1","1","yolo_T21_Nucleus_038","0.0","0.0000","OK"
"yolo_tile_21","yolo_tile_21","yolo_T21_CompactCellBoundary_019","GT Compact cell boundary","true","1","1","yolo_T21_Nucleus_039","0.0","0.0000","OK"
"yolo_tile_21","yolo_tile_21","yolo_T21_ClearCellBoundary_019","GT Clear cell boundary","true","1","1","yolo_T21_Nucleus_040","1.0","0.0001","OK"
"yolo_tile_21","yolo_tile_21","yolo_T21_ClearCellBoundary_001","GT Clear cell boundary","false","1","0","yolo_T24_Nucleus_002","0.0","0.0000","NUCLEUS_OUTSIDE_TILE"
"yolo_tile_22","yolo_tile_22","yolo_T22_CompactCellBoundary_001","GT Compact cell boundary","true","1","1","yolo_T22_Nucleus_001","0.0","0.0000","OK"
"yolo_tile_22","yolo_tile_22","yolo_T22_CompactCellBoundary_002","GT Compact cell boundary","true","1","1","yolo_T22_Nucleus_002","0.0","0.0000","OK"
"yolo_tile_22","yolo_tile_22","yolo_T22_ClearCellBoundary_001","GT Clear cell boundary","true","1","1","yolo_T22_Nucleus_005","0.0","0.0000","OK"
"yolo_tile_22","yolo_tile_22","yolo_T22_CompactCellBoundary_003","GT Compact cell boundary","true","1","1","yolo_T22_Nucleus_003","0.0","0.0000","OK"
"yolo_tile_22","yolo_tile_22","yolo_T22_CompactCellBoundary_004","GT Compact cell boundary","true","1","1","yolo_T22_Nucleus_004","0.0","0.0000","OK"
"yolo_tile_22","yolo_tile_22","yolo_T22_ClearCellBoundary_002","GT Clear cell boundary","false","1","1","yolo_T22_Nucleus_006","0.0","0.0000","OK"
"yolo_tile_22","yolo_tile_22","yolo_T22_CompactCellBoundary_005","GT Compact cell boundary","false","1","1","yolo_T22_Nucleus_007","0.0","0.0000","OK"
"yolo_tile_22","yolo_tile_22","yolo_T22_ClearCellBoundary_003","GT Clear cell boundary","true","1","1","yolo_T22_Nucleus_009","0.0","0.0000","OK"
"yolo_tile_22","yolo_tile_22","yolo_T22_ClearCellBoundary_004","GT Clear cell boundary","true","1","1","yolo_T22_Nucleus_008","0.0","0.0000","OK"
"yolo_tile_22","yolo_tile_22","yolo_T22_ClearCellBoundary_005","GT Clear cell boundary","false","0","0","","0.0","0.0000","ZERO_NUCLEUS"
"yolo_tile_22","yolo_tile_22","yolo_T22_ClearCellBoundary_006","GT Clear cell boundary","false","0","0","","0.0","0.0000","ZERO_NUCLEUS"
"yolo_tile_22","yolo_tile_22","yolo_T22_CompactCellBoundary_006","GT Compact cell boundary","true","1","1","yolo_T22_Nucleus_011","0.0","0.0000","OK"
"yolo_tile_22","yolo_tile_22","yolo_T22_CompactCellBoundary_007","GT Compact cell boundary","true","1","1","yolo_T22_Nucleus_012","0.0","0.0000","OK"
"yolo_tile_22","yolo_tile_22","yolo_T22_CompactCellBoundary_008","GT Compact cell boundary","true","1","1","yolo_T22_Nucleus_013","0.0","0.0000","OK"
"yolo_tile_22","yolo_tile_22","yolo_T22_CompactCellBoundary_009","GT Compact cell boundary","true","1","1","yolo_T22_Nucleus_014","0.0","0.0000","OK"
"yolo_tile_22","yolo_tile_22","yolo_T22_ClearCellBoundary_007","GT Clear cell boundary","true","1","1","yolo_T22_Nucleus_015","0.0","0.0000","OK"
"yolo_tile_22","yolo_tile_22","yolo_T22_ClearCellBoundary_008","GT Clear cell boundary","true","1","1","yolo_T22_Nucleus_017","0.0","0.0000","OK"
"yolo_tile_22","yolo_tile_22","yolo_T22_CompactCellBoundary_010","GT Compact cell boundary","true","1","1","yolo_T22_Nucleus_016","0.0","0.0000","OK"
"yolo_tile_22","yolo_tile_22","yolo_T22_ClearCellBoundary_009","GT Clear cell boundary","true","1","1","yolo_T22_Nucleus_018","0.0","0.0000","OK"
"yolo_tile_22","yolo_tile_22","yolo_T22_ClearCellBoundary_010","GT Clear cell boundary","true","1","1","yolo_T22_Nucleus_019","0.0","0.0000","OK"
"yolo_tile_22","yolo_tile_22","yolo_T22_ClearCellBoundary_011","GT Clear cell boundary","true","1","1","yolo_T22_Nucleus_020","0.0","0.0000","OK"
"yolo_tile_22","yolo_tile_22","yolo_T22_ClearCellBoundary_012","GT Clear cell boundary","true","1","1","yolo_T22_Nucleus_021","0.0","0.0000","OK"
"yolo_tile_22","yolo_tile_22","yolo_T22_ClearCellBoundary_013","GT Clear cell boundary","false","1","0","yolo_T22_Nucleus_023","0.0","0.0000","NUCLEUS_OUTSIDE_TILE"
"yolo_tile_23","yolo_tile_23","yolo_T23_ClearCellBoundary_001","GT Clear cell boundary","false","1","0","yolo_T23_Nucleus_001","0.0","0.0000","NUCLEUS_OUTSIDE_TILE"
"yolo_tile_23","yolo_tile_23","yolo_T23_ClearCellBoundary_002","GT Clear cell boundary","true","1","1","yolo_T23_Nucleus_004","0.0","0.0000","OK"
"yolo_tile_23","yolo_tile_23","yolo_T23_ClearCellBoundary_003","GT Clear cell boundary","true","1","1","yolo_T23_Nucleus_002","0.0","0.0000","OK"
"yolo_tile_23","yolo_tile_23","yolo_T23_CompactCellBoundary_002","GT Compact cell boundary","true","1","1","yolo_T23_Nucleus_006","0.0","0.0000","OK"
"yolo_tile_23","yolo_tile_23","yolo_T23_CompactCellBoundary_003","GT Compact cell boundary","true","1","1","yolo_T23_Nucleus_005","0.0","0.0000","OK"
"yolo_tile_23","yolo_tile_23","yolo_T23_CompactCellBoundary_004","GT Compact cell boundary","true","1","1","yolo_T23_Nucleus_007","0.0","0.0000","OK"
"yolo_tile_23","yolo_tile_23","yolo_T23_ClearCellBoundary_004","GT Clear cell boundary","true","1","1","yolo_T23_Nucleus_008","0.0","0.0000","OK"
"yolo_tile_23","yolo_tile_23","yolo_T23_ClearCellBoundary_005","GT Clear cell boundary","true","1","1","yolo_T23_Nucleus_009","0.0","0.0000","OK"
"yolo_tile_23","yolo_tile_23","yolo_T23_CompactCellBoundary_005","GT Compact cell boundary","true","1","1","yolo_T23_Nucleus_010","0.0","0.0000","OK"
"yolo_tile_23","yolo_tile_23","yolo_T23_ClearCellBoundary_006","GT Clear cell boundary","true","1","1","yolo_T23_Nucleus_011","0.0","0.0000","OK"
"yolo_tile_23","yolo_tile_23","yolo_T23_CompactCellBoundary_006","GT Compact cell boundary","true","1","1","yolo_T23_Nucleus_013","0.0","0.0000","OK"
"yolo_tile_23","yolo_tile_23","yolo_T23_ClearCellBoundary_007","GT Clear cell boundary","true","1","1","yolo_T23_Nucleus_014","0.0","0.0000","OK"
"yolo_tile_23","yolo_tile_23","yolo_T23_CompactCellBoundary_008","GT Compact cell boundary","true","1","1","yolo_T23_Nucleus_015","0.0","0.0000","OK"
"yolo_tile_23","yolo_tile_23","yolo_T23_ClearCellBoundary_008","GT Clear cell boundary","true","1","1","yolo_T23_Nucleus_016","0.0","0.0000","OK"
"yolo_tile_23","yolo_tile_23","yolo_T23_CompactCellBoundary_009","GT Compact cell boundary","true","1","1","yolo_T23_Nucleus_017","0.0","0.0000","OK"
"yolo_tile_23","yolo_tile_23","yolo_T23_UncertainCellBoundary_008","GT Clear cell boundary","true","1","1","","0.0","0.0000","OK"
"yolo_tile_23","yolo_tile_23","yolo_T23_CompactCellBoundary_010","GT Compact cell boundary","true","1","1","yolo_T23_Nucleus_019","0.0","0.0000","OK"
"yolo_tile_23","yolo_tile_23","yolo_T23_CompactCellBoundary_011","GT Compact cell boundary","true","1","1","yolo_T23_Nucleus_018","0.0","0.0000","OK"
"yolo_tile_23","yolo_tile_23","yolo_T23_ClearCellBoundary_009","GT Clear cell boundary","true","1","1","yolo_T23_Nucleus_021","0.0","0.0000","OK"
"yolo_tile_23","yolo_tile_23","yolo_T23_CompactCellBoundary_012","GT Compact cell boundary","true","1","1","yolo_T23_Nucleus_020","0.0","0.0000","OK"
"yolo_tile_23","yolo_tile_23","yolo_T23_ClearCellBoundary_010","GT Clear cell boundary","true","1","1","yolo_T23_Nucleus_022","0.0","0.0000","OK"
"yolo_tile_23","yolo_tile_23","yolo_T23_ClearCellBoundary_011","GT Clear cell boundary","true","1","1","yolo_T23_Nucleus_024","0.0","0.0000","OK"
"yolo_tile_23","yolo_tile_23","yolo_T23_ClearCellBoundary_012","GT Clear cell boundary","true","1","1","yolo_T23_Nucleus_025","0.0","0.0000","OK"
"yolo_tile_24","yolo_tile_24","yolo_T24_ClearCellBoundary_001","GT Clear cell boundary","true","1","1","yolo_T24_Nucleus_001","0.0","0.0000","OK"
"yolo_tile_24","yolo_tile_24","yolo_T24_ClearCellBoundary_002","GT Clear cell boundary","true","1","1","yolo_T24_Nucleus_004","0.0","0.0000","OK"
"yolo_tile_24","yolo_tile_24","yolo_T24_ClearCellBoundary_003","GT Clear cell boundary","false","1","0","yolo_T21_Nucleus_001","0.0","0.0000","NUCLEUS_OUTSIDE_TILE"
"yolo_tile_24","yolo_tile_24","yolo_T24_ClearCellBoundary_004","GT Clear cell boundary","true","1","1","yolo_T24_Nucleus_003","0.0","0.0000","OK"
"yolo_tile_24","yolo_tile_24","yolo_T24_ClearCellBoundary_005","GT Clear cell boundary","true","1","1","yolo_T24_Nucleus_007","0.0","0.0000","OK"
"yolo_tile_24","yolo_tile_24","yolo_T24_ClearCellBoundary_006","GT Clear cell boundary","true","1","1","yolo_T24_Nucleus_006","0.0","0.0000","OK"
"yolo_tile_24","yolo_tile_24","yolo_T24_ClearCellBoundary_007","GT Clear cell boundary","true","1","1","yolo_T24_Nucleus_005","0.0","0.0000","OK"
"yolo_tile_24","yolo_tile_24","yolo_T24_ClearCellBoundary_008","GT Clear cell boundary","true","1","1","yolo_T24_Nucleus_009","0.0","0.0000","OK"
"yolo_tile_24","yolo_tile_24","yolo_T24_ClearCellBoundary_009","GT Clear cell boundary","true","1","1","yolo_T24_Nucleus_008","0.0","0.0000","OK"
"yolo_tile_24","yolo_tile_24","yolo_T24_ClearCellBoundary_010","GT Clear cell boundary","true","1","1","yolo_T24_Nucleus_011","0.0","0.0000","OK"
"yolo_tile_24","yolo_tile_24","yolo_T24_ClearCellBoundary_011","GT Clear cell boundary","true","1","1","yolo_T24_Nucleus_010","0.0","0.0000","OK"
"yolo_tile_24","yolo_tile_24","yolo_T24_ClearCellBoundary_012","GT Clear cell boundary","true","1","1","yolo_T24_Nucleus_014","0.0","0.0000","OK"
"yolo_tile_24","yolo_tile_24","yolo_T24_CompactCellBoundary_001","GT Compact cell boundary","true","1","1","yolo_T24_Nucleus_013","0.0","0.0000","OK"
"yolo_tile_24","yolo_tile_24","yolo_T24_ClearCellBoundary_013","GT Clear cell boundary","true","1","1","yolo_T24_Nucleus_012","0.0","0.0000","OK"
"yolo_tile_24","yolo_tile_24","yolo_T24_ClearCellBoundary_014","GT Clear cell boundary","true","1","1","yolo_T24_Nucleus_015","0.0","0.0000","OK"
"yolo_tile_24","yolo_tile_24","yolo_T24_ClearCellBoundary_015","GT Clear cell boundary","true","1","1","yolo_T24_Nucleus_016","0.0","0.0000","OK"
"yolo_tile_24","yolo_tile_24","yolo_T24_ClearCellBoundary_016","GT Clear cell boundary","true","1","1","yolo_T24_Nucleus_017","0.0","0.0000","OK"
"yolo_tile_24","yolo_tile_24","yolo_T24_ClearCellBoundary_017","GT Clear cell boundary","true","1","1","yolo_T24_Nucleus_019","0.0","0.0000","OK"
"yolo_tile_24","yolo_tile_24","yolo_T24_ClearCellBoundary_018","GT Clear cell boundary","true","1","1","yolo_T24_Nucleus_020","0.0","0.0000","OK"
"yolo_tile_24","yolo_tile_24","yolo_T24_ClearCellBoundary_019","GT Clear cell boundary","true","1","1","yolo_T24_Nucleus_022","0.0","0.0000","OK"
"yolo_tile_24","yolo_tile_24","yolo_T24_ClearCellBoundary_020","GT Clear cell boundary","true","1","1","yolo_T24_Nucleus_023","0.0","0.0000","OK"
"yolo_tile_24","yolo_tile_24","yolo_T24_ClearCellBoundary_021","GT Clear cell boundary","true","1","1","yolo_T24_Nucleus_024","0.0","0.0000","OK"
"yolo_tile_24","yolo_tile_24","yolo_T24_ClearCellBoundary_022","GT Clear cell boundary","true","1","1","yolo_T24_Nucleus_026","0.0","0.0000","OK"
"yolo_tile_24","yolo_tile_24","yolo_T24_ClearCellBoundary_023","GT Clear cell boundary","true","1","1","yolo_T24_Nucleus_027","0.0","0.0000","OK"
"yolo_tile_25","yolo_tile_25","yolo_T25_UncertainCellBoundary_001","GT Clear cell boundary","true","1","1","yolo_T25_Nucleus_005","0.0","0.0000","OK"
"yolo_tile_25","yolo_tile_25","yolo_T25_UncertainCellBoundary_003","GT Clear cell boundary","true","1","1","yolo_T25_Nucleus_002","0.0","0.0000","OK"
"yolo_tile_25","yolo_tile_25","yolo_T25_ClearCellBoundary_001","GT Clear cell boundary","true","1","1","yolo_T25_Nucleus_001","0.0","0.0000","OK"
"yolo_tile_25","yolo_tile_25","yolo_T25_CompactCellBoundary_001","GT Compact cell boundary","true","1","1","yolo_T25_Nucleus_007","182.0","0.0939","STROMA_OVERLAP"
"yolo_tile_25","yolo_tile_25","yolo_T25_ClearCellBoundary_002","GT Clear cell boundary","true","1","1","yolo_T25_Nucleus_009","0.0","0.0000","OK"
"yolo_tile_25","yolo_tile_25","yolo_T25_UncertainCellBoundary_006","GT Clear cell boundary","true","1","1","yolo_T25_Nucleus_012","0.0","0.0000","OK"
"yolo_tile_25","yolo_tile_25","yolo_T25_ClearCellBoundary_003","GT Clear cell boundary","true","1","1","yolo_T25_Nucleus_011","19.7","0.0017","OK"
"yolo_tile_25","yolo_tile_25","yolo_T25_UncertainCellBoundary_007","GT Clear cell boundary","true","1","1","yolo_T25_Nucleus_010","0.0","0.0000","OK"
"yolo_tile_25","yolo_tile_25","yolo_T25_ClearCellBoundary_004","GT Clear cell boundary","true","1","1","yolo_T25_Nucleus_014","0.0","0.0000","OK"
"yolo_tile_25","yolo_tile_25","yolo_T25_UncertainCellBoundary_009","GT Clear cell boundary","true","1","1","yolo_T25_Nucleus_013","0.0","0.0000","OK"
"yolo_tile_25","yolo_tile_25","yolo_T25_ClearCellBoundary_005","GT Clear cell boundary","true","1","1","yolo_T25_Nucleus_015","0.0","0.0000","OK"
"yolo_tile_25","yolo_tile_25","yolo_T25_ClearCellBoundary_006","GT Clear cell boundary","true","1","1","yolo_T25_Nucleus_016","0.0","0.0000","OK"
"yolo_tile_25","yolo_tile_25","yolo_T25_UncertainCellBoundary_010","GT Clear cell boundary","true","1","1","yolo_T25_Nucleus_018","0.0","0.0000","OK"
"yolo_tile_25","yolo_tile_25","yolo_T25_ClearCellBoundary_007","GT Clear cell boundary","true","1","1","yolo_T25_Nucleus_017","0.0","0.0000","OK"
"yolo_tile_25","yolo_tile_25","yolo_T25_ClearCellBoundary_008","GT Clear cell boundary","true","1","1","yolo_T25_Nucleus_020","0.0","0.0000","OK"
"yolo_tile_25","yolo_tile_25","yolo_T25_ClearCellBoundary_009","GT Clear cell boundary","true","1","1","yolo_T25_Nucleus_019","0.0","0.0000","OK"
"yolo_tile_25","yolo_tile_25","yolo_T25_ClearCellBoundary_010","GT Clear cell boundary","true","1","1","yolo_T25_Nucleus_021","0.0","0.0000","OK"
"yolo_tile_25","yolo_tile_25","yolo_T25_CompactCellBoundary_002","GT Compact cell boundary","true","1","1","yolo_T25_Nucleus_022","0.0","0.0000","OK"
"yolo_tile_25","yolo_tile_25","yolo_T25_ClearCellBoundary_011","GT Clear cell boundary","true","1","1","yolo_T25_Nucleus_025","0.0","0.0000","OK"
"yolo_tile_26","yolo_tile_26","yolo_T22_ClearCellBoundary_014","GT Clear cell boundary","false","1","0","yolo_T22_Nucleus_022","0.0","0.0000","NUCLEUS_OUTSIDE_TILE"
"yolo_tile_26","yolo_tile_26","","GT Clear cell boundary","true","1","1","","0.0","0.0000","OK"
"yolo_tile_26","yolo_tile_26","","GT Clear cell boundary","true","1","1","yolo_0016","0.0","0.0000","OK"
"yolo_tile_26","yolo_tile_26","","GT Clear cell boundary","true","1","1","","0.0","0.0000","OK"
"yolo_tile_26","yolo_tile_26","","GT Clear cell boundary","true","1","1","yolo_0013","0.5","0.0001","OK"
"yolo_tile_26","yolo_tile_26","","GT Clear cell boundary","true","1","1","","0.0","0.0000","OK"
"yolo_tile_26","yolo_tile_26","","GT Clear cell boundary","false","0","0","","0.0","0.0000","ZERO_NUCLEUS"
"yolo_tile_26","yolo_tile_26","","GT Clear cell boundary","true","1","1","","0.0","0.0000","OK"
"yolo_tile_26","yolo_tile_26","","GT Clear cell boundary","true","1","1","","0.0","0.0000","OK"
"yolo_tile_26","yolo_tile_26","","GT Clear cell boundary","true","1","1","yolo_0017","0.0","0.0000","OK"
"yolo_tile_26","yolo_tile_26","","GT Clear cell boundary","true","1","1","","0.0","0.0000","OK"
"yolo_tile_26","yolo_tile_26","","GT Clear cell boundary","true","1","1","yolo_0018","0.0","0.0000","OK"
"yolo_tile_26","yolo_tile_26","yolo_0009","GT Clear cell boundary","true","1","1","yolo_0025","0.0","0.0000","OK"
"yolo_tile_26","yolo_tile_26","","GT Clear cell boundary","true","1","1","yolo_0005","0.0","0.0000","OK"
"yolo_tile_26","yolo_tile_26","","GT Clear cell boundary","true","1","1","yolo_0007","0.0","0.0000","OK"
"yolo_tile_26","yolo_tile_26","","GT Clear cell boundary","true","1","1","","0.0","0.0000","OK"
"yolo_tile_26","yolo_tile_26","","GT Clear cell boundary","true","1","1","yolo_0029","0.0","0.0000","OK"
"yolo_tile_26","yolo_tile_26","","GT Clear cell boundary","true","1","1","","0.0","0.0000","OK"
"yolo_tile_26","yolo_tile_26","","GT Clear cell boundary","false","0","0","","0.0","0.0000","ZERO_NUCLEUS"
"yolo_tile_27","yolo_tile_27","yolo_T27_ClearCellBoundary_003","GT Clear cell boundary","true","1","1","yolo_T27_Nucleus_004","0.0","0.0000","OK"
"yolo_tile_27","yolo_tile_27","yolo_T27_ClearCellBoundary_004","GT Clear cell boundary","true","1","1","yolo_T27_Nucleus_003","0.0","0.0000","OK"
"yolo_tile_27","yolo_tile_27","yolo_T27_ClearCellBoundary_005","GT Clear cell boundary","true","1","1","yolo_T27_Nucleus_005","0.0","0.0000","OK"
"yolo_tile_27","yolo_tile_27","yolo_T27_ClearCellBoundary_006","GT Clear cell boundary","true","1","1","yolo_T27_Nucleus_007","0.0","0.0000","OK"
"yolo_tile_27","yolo_tile_27","yolo_T27_ClearCellBoundary_007","GT Clear cell boundary","true","1","1","yolo_T27_Nucleus_006","0.0","0.0000","OK"
"yolo_tile_27","yolo_tile_27","yolo_T27_ClearCellBoundary_008","GT Clear cell boundary","true","1","1","yolo_T27_Nucleus_008","0.0","0.0000","OK"
"yolo_tile_27","yolo_tile_27","yolo_T27_ClearCellBoundary_009","GT Clear cell boundary","true","1","1","yolo_T27_Nucleus_011","0.0","0.0000","OK"
"yolo_tile_27","yolo_tile_27","yolo_T27_ClearCellBoundary_010","GT Clear cell boundary","true","1","1","yolo_T27_Nucleus_010","0.0","0.0000","OK"
"yolo_tile_27","yolo_tile_27","yolo_T27_ClearCellBoundary_011","GT Clear cell boundary","true","1","1","yolo_T27_Nucleus_009","0.0","0.0000","OK"
"yolo_tile_27","yolo_tile_27","yolo_T27_ClearCellBoundary_012","GT Clear cell boundary","true","1","1","yolo_T27_Nucleus_012","0.0","0.0000","OK"
"yolo_tile_27","yolo_tile_27","yolo_T27_ClearCellBoundary_013","GT Clear cell boundary","true","1","1","yolo_T27_Nucleus_014","0.0","0.0000","OK"
"yolo_tile_27","yolo_tile_27","yolo_T27_ClearCellBoundary_014","GT Clear cell boundary","true","1","1","yolo_T27_Nucleus_013","0.0","0.0000","OK"
"yolo_tile_27","yolo_tile_27","yolo_T27_ClearCellBoundary_015","GT Clear cell boundary","true","1","1","yolo_T27_Nucleus_015","0.0","0.0000","OK"
"yolo_tile_27","yolo_tile_27","yolo_T27_ClearCellBoundary_016","GT Clear cell boundary","true","1","1","yolo_T27_Nucleus_017","0.0","0.0000","OK"
"yolo_tile_27","yolo_tile_27","yolo_T27_ClearCellBoundary_017","GT Clear cell boundary","true","1","1","yolo_T27_Nucleus_019","0.0","0.0000","OK"
"yolo_tile_27","yolo_tile_27","yolo_T27_ClearCellBoundary_018","GT Clear cell boundary","true","1","1","yolo_T27_Nucleus_018","0.0","0.0000","OK"
"yolo_tile_27","yolo_tile_27","yolo_T27_ClearCellBoundary_019","GT Clear cell boundary","true","1","1","yolo_T27_Nucleus_021","0.0","0.0000","OK"
"yolo_tile_27","yolo_tile_27","yolo_T27_ClearCellBoundary_020","GT Clear cell boundary","true","1","1","yolo_T27_Nucleus_022","0.0","0.0000","OK"
"yolo_tile_27","yolo_tile_27","yolo_T27_ClearCellBoundary_021","GT Clear cell boundary","true","1","1","yolo_T27_Nucleus_023","0.0","0.0000","OK"
"yolo_tile_28","yolo_tile_28","yolo_T28_ClearCellBoundary_001","GT Clear cell boundary","true","1","1","yolo_T28_Nucleus_003","0.0","0.0000","OK"
"yolo_tile_28","yolo_tile_28","yolo_T28_ClearCellBoundary_002","GT Clear cell boundary","true","1","1","yolo_T28_Nucleus_007","0.0","0.0000","OK"
"yolo_tile_28","yolo_tile_28","yolo_T28_ClearCellBoundary_004","GT Clear cell boundary","true","1","1","yolo_T28_Nucleus_009","0.0","0.0000","OK"
"yolo_tile_28","yolo_tile_28","yolo_T28_CompactCellBoundary_001","GT Compact cell boundary","true","1","1","yolo_T28_Nucleus_010","0.0","0.0000","OK"
"yolo_tile_28","yolo_tile_28","yolo_T28_ClearCellBoundary_005","GT Clear cell boundary","true","1","1","yolo_T28_Nucleus_014","0.0","0.0000","OK"
"yolo_tile_28","yolo_tile_28","yolo_T28_ClearCellBoundary_007","GT Clear cell boundary","true","1","1","yolo_T28_Nucleus_015","0.0","0.0000","OK"
"yolo_tile_28","yolo_tile_28","yolo_T28_ClearCellBoundary_008","GT Clear cell boundary","true","1","1","yolo_T28_Nucleus_012","0.0","0.0000","OK"
"yolo_tile_28","yolo_tile_28","yolo_T28_ClearCellBoundary_009","GT Clear cell boundary","true","1","1","yolo_T28_Nucleus_013","0.0","0.0000","OK"
"yolo_tile_28","yolo_tile_28","yolo_T28_ClearCellBoundary_010","GT Clear cell boundary","true","1","1","yolo_T28_Nucleus_016","0.0","0.0000","OK"
"yolo_tile_28","yolo_tile_28","yolo_T28_ClearCellBoundary_012","GT Clear cell boundary","true","1","1","yolo_T28_Nucleus_019","0.0","0.0000","OK"
"yolo_tile_28","yolo_tile_28","yolo_T28_ClearCellBoundary_013","GT Clear cell boundary","true","1","1","yolo_T28_Nucleus_018","0.0","0.0000","OK"
"yolo_tile_28","yolo_tile_28","yolo_T28_ClearCellBoundary_014","GT Clear cell boundary","true","1","1","yolo_T28_Nucleus_020","0.0","0.0000","OK"
"yolo_tile_28","yolo_tile_28","yolo_T28_ClearCellBoundary_015","GT Clear cell boundary","true","1","1","yolo_T28_Nucleus_021","0.0","0.0000","OK"
"yolo_tile_29","yolo_tile_29","yolo_T29_ClearCellBoundary_001","GT Clear cell boundary","true","1","1","yolo_T29_Nucleus_001","0.0","0.0000","OK"
"yolo_tile_29","yolo_tile_29","yolo_T29_ClearCellBoundary_002","GT Clear cell boundary","true","1","1","yolo_T29_Nucleus_002","0.0","0.0000","OK"
"yolo_tile_29","yolo_tile_29","yolo_T29_ClearCellBoundary_003","GT Clear cell boundary","true","1","1","yolo_T29_Nucleus_003","0.0","0.0000","OK"
"yolo_tile_29","yolo_tile_29","yolo_T29_CompactCellBoundary_001","GT Compact cell boundary","true","1","1","yolo_T29_Nucleus_004","0.0","0.0000","OK"
"yolo_tile_29","yolo_tile_29","yolo_T29_ClearCellBoundary_004","GT Clear cell boundary","true","1","1","yolo_T29_Nucleus_006","0.0","0.0000","OK"
"yolo_tile_29","yolo_tile_29","yolo_T29_ClearCellBoundary_005","GT Clear cell boundary","false","1","0","yolo_T29_Nucleus_005","0.0","0.0000","NUCLEUS_OUTSIDE_TILE"
"yolo_tile_29","yolo_tile_29","yolo_T29_ClearCellBoundary_006","GT Clear cell boundary","true","1","1","yolo_T29_Nucleus_008","0.0","0.0000","OK"
"yolo_tile_29","yolo_tile_29","yolo_T29_ClearCellBoundary_007","GT Clear cell boundary","true","1","1","yolo_T29_Nucleus_010","0.0","0.0000","OK"
"yolo_tile_29","yolo_tile_29","yolo_T23_CompactCellBoundary_007","GT Compact cell boundary","false","1","0","yolo_T23_Nucleus_012","0.0","0.0000","NUCLEUS_OUTSIDE_TILE"
"yolo_tile_29","yolo_tile_29","yolo_T29_ClearCellBoundary_008","GT Clear cell boundary","true","1","1","yolo_T29_Nucleus_007","0.0","0.0000","OK"
"yolo_tile_29","yolo_tile_29","yolo_T29_ClearCellBoundary_009","GT Clear cell boundary","true","1","1","yolo_T29_Nucleus_009","0.0","0.0000","OK"
"yolo_tile_29","yolo_tile_29","yolo_T29_ClearCellBoundary_010","GT Clear cell boundary","true","1","1","yolo_T29_Nucleus_011","0.0","0.0000","OK"
"yolo_tile_29","yolo_tile_29","yolo_T29_ClearCellBoundary_011","GT Clear cell boundary","true","1","1","yolo_T29_Nucleus_013","0.0","0.0000","OK"
"yolo_tile_29","yolo_tile_29","yolo_T29_ClearCellBoundary_012","GT Clear cell boundary","true","1","1","yolo_T29_Nucleus_012","0.0","0.0000","OK"
"yolo_tile_29","yolo_tile_29","yolo_T29_ClearCellBoundary_013","GT Clear cell boundary","true","1","1","yolo_T29_Nucleus_014","0.0","0.0000","OK"
"yolo_tile_29","yolo_tile_29","yolo_T29_ClearCellBoundary_014","GT Clear cell boundary","true","1","1","yolo_T29_Nucleus_015","0.0","0.0000","OK"
"yolo_tile_29","yolo_tile_29","","GT Clear cell boundary","false","1","0","yolo_T30_Nucleus_001","0.0","0.0000","NUCLEUS_OUTSIDE_TILE"
"yolo_tile_29","yolo_tile_29","yolo_T29_ClearCellBoundary_015","GT Clear cell boundary","true","1","1","yolo_T29_Nucleus_017","0.0","0.0000","OK"
"yolo_tile_30","yolo_tile_30","yolo_T30_ClearCellBoundary_001","GT Clear cell boundary","true","1","1","yolo_T30_Nucleus_002","0.0","0.0000","OK"
"yolo_tile_30","yolo_tile_30","yolo_T30_ClearCellBoundary_002","GT Clear cell boundary","true","1","1","yolo_T30_Nucleus_004","0.0","0.0000","OK"
"yolo_tile_30","yolo_tile_30","yolo_T30_ClearCellBoundary_003","GT Clear cell boundary","true","1","1","yolo_T30_Nucleus_003","0.0","0.0000","OK"
"yolo_tile_30","yolo_tile_30","yolo_T30_ClearCellBoundary_004","GT Clear cell boundary","true","1","1","yolo_T30_Nucleus_005","0.0","0.0000","OK"
"yolo_tile_30","yolo_tile_30","yolo_T30_ClearCellBoundary_005","GT Clear cell boundary","true","1","1","yolo_T30_Nucleus_006","0.0","0.0000","OK"
"yolo_tile_30","yolo_tile_30","yolo_T30_ClearCellBoundary_006","GT Clear cell boundary","true","1","1","yolo_T30_Nucleus_007","0.0","0.0000","OK"
"yolo_tile_30","yolo_tile_30","yolo_T30_ClearCellBoundary_007","GT Clear cell boundary","true","1","1","yolo_T30_Nucleus_008","0.0","0.0000","OK"
"yolo_tile_30","yolo_tile_30","yolo_T30_ClearCellBoundary_008","GT Clear cell boundary","true","1","1","yolo_T30_Nucleus_009","0.0","0.0000","OK"
"yolo_tile_30","yolo_tile_30","yolo_T30_ClearCellBoundary_009","GT Clear cell boundary","true","1","1","yolo_T30_Nucleus_011","0.0","0.0000","OK"
"yolo_tile_30","yolo_tile_30","yolo_T30_ClearCellBoundary_010","GT Clear cell boundary","true","1","1","yolo_T30_Nucleus_010","0.0","0.0000","OK"
"yolo_tile_30","yolo_tile_30","yolo_T30_ClearCellBoundary_011","GT Clear cell boundary","true","1","1","yolo_T30_Nucleus_013","0.0","0.0000","OK"
"yolo_tile_30","yolo_tile_30","yolo_T30_ClearCellBoundary_012","GT Clear cell boundary","true","1","1","yolo_T30_Nucleus_012","0.0","0.0000","OK"
"yolo_tile_30","yolo_tile_30","yolo_T30_ClearCellBoundary_013","GT Clear cell boundary","true","1","1","yolo_T30_Nucleus_016","0.0","0.0000","OK"
"yolo_tile_30","yolo_tile_30","yolo_T30_ClearCellBoundary_014","GT Clear cell boundary","true","1","1","yolo_T30_Nucleus_014","0.0","0.0000","OK"
"yolo_tile_30","yolo_tile_30","yolo_T30_ClearCellBoundary_015","GT Clear cell boundary","true","1","1","yolo_T30_Nucleus_017","0.0","0.0000","OK"
"yolo_tile_30","yolo_tile_30","yolo_T30_ClearCellBoundary_016","GT Clear cell boundary","true","1","1","yolo_T30_Nucleus_015","0.0","0.0000","OK"
"yolo_tile_31","yolo_tile_31","yolo_T31_ClearCellBoundary_001","GT Clear cell boundary","true","1","1","yolo_T31_Nucleus_004","0.0","0.0000","OK"
"yolo_tile_31","yolo_tile_31","yolo_T31_ClearCellBoundary_002","GT Clear cell boundary","true","1","1","yolo_T31_Nucleus_001","0.0","0.0000","OK"
"yolo_tile_31","yolo_tile_31","yolo_T31_ClearCellBoundary_003","GT Clear cell boundary","true","1","1","yolo_T31_Nucleus_002","0.0","0.0000","OK"
"yolo_tile_31","yolo_tile_31","yolo_T31_ClearCellBoundary_004","GT Clear cell boundary","true","1","1","yolo_T31_Nucleus_003","0.0","0.0000","OK"
"yolo_tile_31","yolo_tile_31","yolo_T31_ClearCellBoundary_005","GT Clear cell boundary","true","1","1","yolo_T31_Nucleus_007","0.0","0.0000","OK"
"yolo_tile_31","yolo_tile_31","yolo_T31_ClearCellBoundary_006","GT Clear cell boundary","true","1","1","yolo_T31_Nucleus_006","0.0","0.0000","OK"
"yolo_tile_31","yolo_tile_31","yolo_T31_ClearCellBoundary_007","GT Clear cell boundary","true","1","1","yolo_T31_Nucleus_008","0.0","0.0000","OK"
"yolo_tile_31","yolo_tile_31","yolo_T31_ClearCellBoundary_008","GT Clear cell boundary","true","1","1","yolo_T31_Nucleus_009","0.0","0.0000","OK"
"yolo_tile_31","yolo_tile_31","yolo_T31_ClearCellBoundary_009","GT Clear cell boundary","true","1","1","yolo_T31_Nucleus_010","0.0","0.0000","OK"
"yolo_tile_31","yolo_tile_31","yolo_T31_ClearCellBoundary_010","GT Clear cell boundary","true","1","1","yolo_T31_Nucleus_011","0.0","0.0000","OK"
"yolo_tile_31","yolo_tile_31","yolo_T31_ClearCellBoundary_011","GT Clear cell boundary","true","1","1","yolo_T31_Nucleus_012","0.0","0.0000","OK"
"yolo_tile_31","yolo_tile_31","yolo_T31_ClearCellBoundary_012","GT Clear cell boundary","true","1","1","yolo_T31_Nucleus_013","0.0","0.0000","OK"
"yolo_tile_31","yolo_tile_31","yolo_T31_ClearCellBoundary_013","GT Clear cell boundary","true","1","1","yolo_T31_Nucleus_015","0.0","0.0000","OK"
"yolo_tile_31","yolo_tile_31","yolo_T31_ClearCellBoundary_014","GT Clear cell boundary","true","1","1","yolo_T31_Nucleus_016","0.0","0.0000","OK"
"yolo_tile_31","yolo_tile_31","yolo_T31_ClearCellBoundary_015","GT Clear cell boundary","true","1","1","yolo_T31_Nucleus_014","0.0","0.0000","OK"
"yolo_tile_31","yolo_tile_31","yolo_T31_ClearCellBoundary_016","GT Clear cell boundary","true","1","1","yolo_T31_Nucleus_017","0.0","0.0000","OK"
"yolo_tile_31","yolo_tile_31","yolo_T31_ClearCellBoundary_017","GT Clear cell boundary","true","1","1","yolo_T31_Nucleus_018","0.0","0.0000","OK"
"yolo_tile_31","yolo_tile_31","yolo_T31_ClearCellBoundary_018","GT Clear cell boundary","true","1","1","yolo_T31_Nucleus_020","0.0","0.0000","OK"
"yolo_tile_31","yolo_tile_31","yolo_T31_ClearCellBoundary_019","GT Clear cell boundary","true","1","1","yolo_T31_Nucleus_022","0.0","0.0000","OK"
"yolo_tile_31","yolo_tile_31","yolo_T31_ClearCellBoundary_020","GT Clear cell boundary","true","1","1","yolo_T31_Nucleus_021","0.0","0.0000","OK"
"yolo_tile_31","yolo_tile_31","yolo_T31_ClearCellBoundary_021","GT Clear cell boundary","true","1","1","yolo_T31_Nucleus_019","0.0","0.0000","OK"
"yolo_tile_32","yolo_tile_32","yolo_T32_ClearCellBoundary_001","GT Clear cell boundary","true","1","1","yolo_T32_Nucleus_001","0.0","0.0000","OK"
"yolo_tile_32","yolo_tile_32","yolo_T32_ClearCellBoundary_002","GT Clear cell boundary","true","1","1","yolo_T32_Nucleus_002","0.0","0.0000","OK"
"yolo_tile_32","yolo_tile_32","yolo_T32_ClearCellBoundary_003","GT Clear cell boundary","true","1","1","yolo_T32_Nucleus_004","0.0","0.0000","OK"
"yolo_tile_32","yolo_tile_32","yolo_T32_ClearCellBoundary_004","GT Clear cell boundary","true","1","1","yolo_T32_Nucleus_003","0.0","0.0000","OK"
"yolo_tile_32","yolo_tile_32","yolo_T32_ClearCellBoundary_005","GT Clear cell boundary","true","1","1","yolo_T32_Nucleus_006","0.0","0.0000","OK"
"yolo_tile_32","yolo_tile_32","yolo_T32_ClearCellBoundary_006","GT Clear cell boundary","true","1","1","yolo_T32_Nucleus_005","0.0","0.0000","OK"
"yolo_tile_32","yolo_tile_32","yolo_T32_ClearCellBoundary_007","GT Clear cell boundary","true","1","1","yolo_T32_Nucleus_008","0.0","0.0000","OK"
"yolo_tile_32","yolo_tile_32","yolo_T32_ClearCellBoundary_008","GT Clear cell boundary","true","1","1","yolo_T32_Nucleus_007","234.4","0.0286","STROMA_OVERLAP"
"yolo_tile_32","yolo_tile_32","yolo_T32_ClearCellBoundary_009","GT Clear cell boundary","true","1","1","yolo_T32_Nucleus_009","0.0","0.0000","OK"
"yolo_tile_32","yolo_tile_32","yolo_T32_ClearCellBoundary_010","GT Clear cell boundary","true","1","1","yolo_T32_Nucleus_010","0.0","0.0000","OK"
"yolo_tile_32","yolo_tile_32","yolo_T32_ClearCellBoundary_011","GT Clear cell boundary","true","1","1","yolo_T32_Nucleus_011","0.0","0.0000","OK"
"yolo_tile_32","yolo_tile_32","yolo_T32_ClearCellBoundary_012","GT Clear cell boundary","true","1","1","yolo_T32_Nucleus_014","0.0","0.0000","OK"
"yolo_tile_32","yolo_tile_32","yolo_T32_ClearCellBoundary_013","GT Clear cell boundary","true","1","1","yolo_T32_Nucleus_013","0.0","0.0000","OK"
"yolo_tile_32","yolo_tile_32","yolo_T32_ClearCellBoundary_014","GT Clear cell boundary","true","1","1","yolo_T32_Nucleus_012","0.0","0.0000","OK"
"yolo_tile_32","yolo_tile_32","yolo_T32_ClearCellBoundary_015","GT Clear cell boundary","true","1","1","yolo_T32_Nucleus_016","0.0","0.0000","OK"
"yolo_tile_32","yolo_tile_32","yolo_T32_ClearCellBoundary_016","GT Clear cell boundary","true","1","1","yolo_T32_Nucleus_015","0.0","0.0000","OK"
"yolo_tile_32","yolo_tile_32","yolo_T32_ClearCellBoundary_017","GT Clear cell boundary","true","1","1","yolo_T32_Nucleus_017","0.0","0.0000","OK"
"yolo_tile_32","yolo_tile_32","yolo_T32_ClearCellBoundary_018","GT Clear cell boundary","true","1","1","yolo_T32_Nucleus_019","0.0","0.0000","OK"
"yolo_tile_32","yolo_tile_32","yolo_T32_ClearCellBoundary_019","GT Clear cell boundary","true","1","1","yolo_T32_Nucleus_018","0.0","0.0000","OK"
"yolo_tile_32","yolo_tile_32","yolo_T32_ClearCellBoundary_020","GT Clear cell boundary","true","1","1","yolo_T32_Nucleus_020","0.0","0.0000","OK"
"yolo_tile_32","yolo_tile_32","yolo_T32_ClearCellBoundary_021","GT Clear cell boundary","true","1","1","yolo_T32_Nucleus_021","0.0","0.0000","OK"
"yolo_tile_32","yolo_tile_32","yolo_T32_ClearCellBoundary_022","GT Clear cell boundary","true","1","1","yolo_T32_Nucleus_023","3.0","0.0004","OK"
"yolo_tile_32","yolo_tile_32","yolo_T32_ClearCellBoundary_023","GT Clear cell boundary","true","1","1","yolo_T32_Nucleus_022","0.0","0.0000","OK"
"yolo_tile_33","yolo_tile_33","yolo_T33_ClearCellBoundary_001","GT Clear cell boundary","true","1","1","yolo_T33_Nucleus_002","0.0","0.0000","OK"
"yolo_tile_33","yolo_tile_33","yolo_T33_ClearCellBoundary_002","GT Clear cell boundary","true","1","1","yolo_T33_Nucleus_001","0.0","0.0000","OK"
"yolo_tile_33","yolo_tile_33","yolo_T33_ClearCellBoundary_003","GT Clear cell boundary","true","1","1","yolo_T33_Nucleus_003","0.0","0.0000","OK"
"yolo_tile_33","yolo_tile_33","yolo_T33_ClearCellBoundary_004","GT Clear cell boundary","true","1","1","yolo_T33_Nucleus_005","0.0","0.0000","OK"
"yolo_tile_33","yolo_tile_33","yolo_T33_ClearCellBoundary_005","GT Clear cell boundary","true","1","1","yolo_T33_Nucleus_008","0.0","0.0000","OK"
"yolo_tile_33","yolo_tile_33","yolo_T33_ClearCellBoundary_006","GT Clear cell boundary","true","1","1","yolo_T33_Nucleus_004","0.0","0.0000","OK"
"yolo_tile_33","yolo_tile_33","yolo_T33_ClearCellBoundary_007","GT Clear cell boundary","true","1","1","yolo_T33_Nucleus_007","0.0","0.0000","OK"
"yolo_tile_33","yolo_tile_33","yolo_T33_ClearCellBoundary_008","GT Clear cell boundary","true","1","1","yolo_T33_Nucleus_006","0.0","0.0000","OK"
"yolo_tile_33","yolo_tile_33","yolo_T33_ClearCellBoundary_010","GT Clear cell boundary","true","1","1","yolo_T33_Nucleus_011","0.0","0.0000","OK"
"yolo_tile_33","yolo_tile_33","yolo_T33_ClearCellBoundary_011","GT Clear cell boundary","true","1","1","yolo_T33_Nucleus_010","0.0","0.0000","OK"
"yolo_tile_33","yolo_tile_33","yolo_T33_ClearCellBoundary_012","GT Clear cell boundary","true","1","1","yolo_T33_Nucleus_012","0.0","0.0000","OK"
"yolo_tile_33","yolo_tile_33","yolo_T33_ClearCellBoundary_013","GT Clear cell boundary","true","1","1","yolo_T33_Nucleus_013","0.0","0.0000","OK"
"yolo_tile_33","yolo_tile_33","yolo_T33_ClearCellBoundary_014","GT Clear cell boundary","true","1","1","yolo_T33_Nucleus_015","0.0","0.0000","OK"
"yolo_tile_33","yolo_tile_33","yolo_T33_ClearCellBoundary_015","GT Clear cell boundary","true","1","1","yolo_T33_Nucleus_014","6.5","0.0018","OK"
"yolo_tile_33","yolo_tile_33","yolo_T33_ClearCellBoundary_016","GT Clear cell boundary","true","1","1","yolo_T33_Nucleus_016","0.0","0.0000","OK"
"yolo_tile_33","yolo_tile_33","yolo_T33_ClearCellBoundary_017","GT Clear cell boundary","true","1","1","yolo_T33_Nucleus_018","0.0","0.0000","OK"
"yolo_tile_33","yolo_tile_33","yolo_T33_ClearCellBoundary_018","GT Clear cell boundary","true","1","1","yolo_T33_Nucleus_019","0.0","0.0000","OK"
"yolo_tile_33","yolo_tile_33","yolo_T33_ClearCellBoundary_019","GT Clear cell boundary","true","1","1","yolo_T33_Nucleus_020","0.0","0.0000","OK"
"yolo_tile_33","yolo_tile_33","yolo_T33_ClearCellBoundary_020","GT Clear cell boundary","true","1","1","yolo_T33_Nucleus_022","0.0","0.0000","OK"
"yolo_tile_33","yolo_tile_33","yolo_T33_ClearCellBoundary_021","GT Clear cell boundary","true","1","1","yolo_T33_Nucleus_021","0.0","0.0000","OK"
"yolo_tile_34","yolo_tile_34","yolo_T34_ClearCellBoundary_001","GT Clear cell boundary","true","1","1","yolo_T34_Nucleus_001","0.0","0.0000","OK"
"yolo_tile_34","yolo_tile_34","yolo_T34_ClearCellBoundary_002","GT Clear cell boundary","true","1","1","yolo_T34_Nucleus_002","0.0","0.0000","OK"
"yolo_tile_34","yolo_tile_34","yolo_T34_ClearCellBoundary_003","GT Clear cell boundary","true","1","1","yolo_T34_Nucleus_003","0.0","0.0000","OK"
"yolo_tile_34","yolo_tile_34","yolo_T34_ClearCellBoundary_004","GT Clear cell boundary","true","1","1","yolo_T34_Nucleus_004","0.0","0.0000","OK"
"yolo_tile_34","yolo_tile_34","yolo_T34_ClearCellBoundary_005","GT Clear cell boundary","true","1","1","yolo_T34_Nucleus_005","0.0","0.0000","OK"
"yolo_tile_34","yolo_tile_34","yolo_T34_ClearCellBoundary_006","GT Clear cell boundary","true","1","1","yolo_T34_Nucleus_006","0.0","0.0000","OK"
"yolo_tile_34","yolo_tile_34","yolo_T34_ClearCellBoundary_007","GT Clear cell boundary","true","1","1","yolo_T34_Nucleus_007","0.0","0.0000","OK"
"yolo_tile_34","yolo_tile_34","yolo_T33_ClearCellBoundary_009","GT Clear cell boundary","true","1","1","yolo_T33_Nucleus_009","130.7","0.0120","OK"
"yolo_tile_34","yolo_tile_34","yolo_T34_ClearCellBoundary_008","GT Clear cell boundary","true","1","1","yolo_T34_Nucleus_009","0.0","0.0000","OK"
"yolo_tile_34","yolo_tile_34","yolo_T34_ClearCellBoundary_009","GT Clear cell boundary","true","1","1","yolo_T34_Nucleus_008","0.0","0.0000","OK"
"yolo_tile_34","yolo_tile_34","yolo_T34_ClearCellBoundary_010","GT Clear cell boundary","true","1","1","yolo_T34_Nucleus_010","0.0","0.0000","OK"
"yolo_tile_34","yolo_tile_34","yolo_T34_ClearCellBoundary_011","GT Clear cell boundary","true","1","1","yolo_T34_Nucleus_011","0.0","0.0000","OK"
"yolo_tile_34","yolo_tile_34","yolo_T34_ClearCellBoundary_012","GT Clear cell boundary","true","1","1","yolo_T34_Nucleus_014","0.0","0.0000","OK"
"yolo_tile_34","yolo_tile_34","yolo_T34_ClearCellBoundary_013","GT Clear cell boundary","true","1","1","yolo_T34_Nucleus_013","0.0","0.0000","OK"
"yolo_tile_34","yolo_tile_34","yolo_T34_ClearCellBoundary_014","GT Clear cell boundary","true","1","1","yolo_T34_Nucleus_012","0.0","0.0000","OK"
"yolo_tile_34","yolo_tile_34","yolo_T34_ClearCellBoundary_015","GT Clear cell boundary","true","1","1","yolo_T34_Nucleus_015","0.0","0.0000","OK"
"yolo_tile_34","yolo_tile_34","yolo_T34_ClearCellBoundary_016","GT Clear cell boundary","true","1","1","yolo_T34_Nucleus_016","0.0","0.0000","OK"
"yolo_tile_35","yolo_tile_35","yolo_T35_ClearCellBoundary_001","GT Clear cell boundary","true","1","1","yolo_T35_Nucleus_001","0.0","0.0000","OK"
"yolo_tile_35","yolo_tile_35","yolo_T35_ClearCellBoundary_002","GT Clear cell boundary","true","1","1","yolo_T35_Nucleus_002","0.0","0.0000","OK"
"yolo_tile_35","yolo_tile_35","yolo_T35_ClearCellBoundary_003","GT Clear cell boundary","true","1","1","yolo_T35_Nucleus_004","0.0","0.0000","OK"
"yolo_tile_35","yolo_tile_35","yolo_T35_ClearCellBoundary_004","GT Clear cell boundary","true","1","1","yolo_T35_Nucleus_003","0.0","0.0000","OK"
"yolo_tile_35","yolo_tile_35","yolo_T35_CompactCellBoundary_001","GT Compact cell boundary","true","1","1","yolo_T35_Nucleus_005","0.0","0.0000","OK"
"yolo_tile_35","yolo_tile_35","yolo_T35_ClearCellBoundary_005","GT Clear cell boundary","true","1","1","yolo_T35_Nucleus_006","0.0","0.0000","OK"
