tile_id,tile_name,instance_label,boundary_name,boundary_class,nucleus_name,boundary_area_px,local_centroid_x,local_centroid_y,wsi_centroid_x,wsi_centroid_y,nucleus_wsi_x,nucleus_wsi_y,stroma_overlap_px,stroma_overlap_fraction
"p2_tile_01","P2 tile 01","1","P2_ClearCellBoundary_001","GT Clear cell boundary","P2_Nucleus_001","6185.9","386.4","22.1","38944.4","42647.1","38972.1","42632.3","0.0","0.0000"
"p2_tile_01","P2 tile 01","2","P2_ClearCellBoundary_002","GT Clear cell boundary","P2_Nucleus_004","8288.9","151.1","46.3","38709.1","42671.3","38710.5","42695.0","0.0","0.0000"
"p2_tile_01","P2 tile 01","3","P2_ClearCellBoundary_003","GT Clear cell boundary","P2_Nucleus_003","4326.2","432.6","55.7","38990.6","42680.7","39001.5","42690.0","0.0","0.0000"
"p2_tile_01","P2 tile 01","4","P2_ClearCellBoundary_004","GT Clear cell boundary","P2_Nucleus_002","4850.6","496.6","57.7","39054.6","42682.7","39039.5","42682.0","0.0","0.0000"
"p2_tile_01","P2 tile 01","5","P2_ClearCellBoundary_005","GT Clear cell boundary","P2_Nucleus_006","9953.2","418.1","140.3","38976.1","42765.3","38961.0","42786.5","0.0","0.0000"
"p2_tile_01","P2 tile 01","6","P2_ClearCellBoundary_006","GT Clear cell boundary","P2_Nucleus_007","5206.1","463.0","191.4","39021.0","42816.4","38997.5","42818.0","0.0","0.0000"
"p2_tile_01","P2 tile 01","7","P2_ClearCellBoundary_007","GT Clear cell boundary","P2_Nucleus_005","17327.6","205.4","197.2","38763.4","42822.2","38734.0","42764.0","0.0","0.0000"
"p2_tile_01","P2 tile 01","8","P2_ClearCellBoundary_008","GT Clear cell boundary","P2_Nucleus_009","17515.5","92.1","237.9","38650.1","42862.9","38696.0","42862.5","0.0","0.0000"
"p2_tile_01","P2 tile 01","9","P2_ClearCellBoundary_009","GT Clear cell boundary","P2_Nucleus_012","6023.7","426.4","330.1","38984.4","42955.1","38992.0","42976.5","0.0","0.0000"
"p2_tile_01","P2 tile 01","10","P2_ClearCellBoundary_010","GT Clear cell boundary","P2_Nucleus_010","4661.9","349.8","346.0","38907.8","42971.0","38926.5","42943.0","0.0","0.0000"
"p2_tile_01","P2 tile 01","11","P2_ClearCellBoundary_011","GT Clear cell boundary","P2_Nucleus_011","5271.3","158.0","364.2","38716.0","42989.2","38725.5","42953.0","0.0","0.0000"
"p2_tile_01","P2 tile 01","12","P2_ClearCellBoundary_012","GT Clear cell boundary","P2_Nucleus_013","5660.4","75.6","369.4","38633.6","42994.4","38649.5","43004.0","0.0","0.0000"
"p2_tile_01","P2 tile 01","13","P2_ClearCellBoundary_013","GT Clear cell boundary","P2_Nucleus_014","2434.5","114.6","377.6","38672.6","43002.6","38669.5","43015.5","0.0","0.0000"
"p2_tile_01","P2 tile 01","14","P2_ClearCellBoundary_014","GT Clear cell boundary","P2_Nucleus_017","2355.6","396.3","422.8","38954.3","43047.8","38947.5","43069.0","0.0","0.0000"
"p2_tile_01","P2 tile 01","15","P2_ClearCellBoundary_015","GT Clear cell boundary","P2_Nucleus_015","3622.5","438.1","433.4","38996.1","43058.4","38983.0","43051.5","0.0","0.0000"
"p2_tile_01","P2 tile 01","16","P2_ClearCellBoundary_016","GT Clear cell boundary","P2_Nucleus_018","6213.7","330.9","442.3","38888.9","43067.3","38890.0","43077.5","0.0","0.0000"
"p2_tile_01","P2 tile 01","17","P2_ClearCellBoundary_017","GT Clear cell boundary","P2_Nucleus_016","4903.2","85.0","446.6","38643.0","43071.6","38635.0","43065.5","0.0","0.0000"
"p2_tile_01","P2 tile 01","18","P2_ClearCellBoundary_018","GT Clear cell boundary","P2_Nucleus_020","1086.8","497.4","484.0","39055.4","43109.0","39053.5","43114.5","0.0","0.0000"
"p2_tile_01","P2 tile 01","19","P2_ClearCellBoundary_019","GT Clear cell boundary","P2_Nucleus_019","3983.2","429.2","487.2","38987.2","43112.2","38970.0","43103.0","0.0","0.0000"
"p2_tile_02","P2 tile 02","1","P2_ClearCellBoundary_020","GT Clear cell boundary","P2_Nucleus_021","6031.1","350.1","11.2","38908.1","43148.2","38913.5","43137.5","0.0","0.0000"
"p2_tile_02","P2 tile 02","2","T2_ClearCellBoundary_001","GT Clear cell boundary","T2_Nucleus_002","9496.5","440.4","78.4","38998.4","43215.4","39008.0","43213.0","0.0","0.0000"
"p2_tile_02","P2 tile 02","3","T2_CompactCellBoundary_001","GT Compact cell boundary","T2_Nucleus_003","3462.0","354.8","80.6","38912.8","43217.6","38912.5","43216.5","0.0","0.0000"
"p2_tile_02","P2 tile 02","4","T2_ClearCellBoundary_002","GT Clear cell boundary","T2_Nucleus_001","14436.0","189.0","108.7","38747.0","43245.7","38745.5","43205.0","0.0","0.0000"
"p2_tile_02","P2 tile 02","5","T2_CompactCellBoundary_002","GT Compact cell boundary","T2_Nucleus_005","1402.5","1.8","122.7","38559.8","43259.7","38564.0","43265.5","0.0","0.0000"
"p2_tile_02","P2 tile 02","6","T2_ClearCellBoundary_003","GT Clear cell boundary","T2_Nucleus_004","3454.0","480.9","129.2","39038.9","43266.2","39028.5","43260.0","0.0","0.0000"
"p2_tile_02","P2 tile 02","7","T2_ClearCellBoundary_004","GT Clear cell boundary","T2_Nucleus_006","4968.0","456.7","187.8","39014.7","43324.8","39026.0","43326.0","0.0","0.0000"
"p2_tile_02","P2 tile 02","8","T2_ClearCellBoundary_005","GT Clear cell boundary","T2_Nucleus_007","12181.5","196.5","265.6","38754.5","43402.6","38781.5","43406.0","0.0","0.0000"
"p2_tile_02","P2 tile 02","9","T2_ClearCellBoundary_006","GT Clear cell boundary","T2_Nucleus_008","4164.5","465.4","266.3","39023.4","43403.3","39029.0","43416.5","0.0","0.0000"
"p2_tile_02","P2 tile 02","10","T2_ClearCellBoundary_007","GT Clear cell boundary","T2_Nucleus_010","6408.0","449.6","340.6","39007.6","43477.6","39017.0","43471.5","0.0","0.0000"
"p2_tile_02","P2 tile 02","11","T2_ClearCellBoundary_008","GT Clear cell boundary","T2_Nucleus_009","6281.5","183.5","349.8","38741.5","43486.8","38756.0","43461.5","0.0","0.0000"
"p2_tile_02","P2 tile 02","12","T2_ClearCellBoundary_010","GT Clear cell boundary","T2_Nucleus_011","2825.5","353.3","361.5","38911.3","43498.5","38932.5","43492.5","0.0","0.0000"
"p2_tile_02","P2 tile 02","13","T2_ClearCellBoundary_011","GT Clear cell boundary","T2_Nucleus_012","5769.3","30.2","366.5","38588.2","43503.5","38565.0","43537.5","0.0","0.0000"
"p2_tile_02","P2 tile 02","14","T2_ClearCellBoundary_012","GT Clear cell boundary","T2_Nucleus_013","4776.0","382.4","408.5","38940.4","43545.5","38930.5","43567.5","0.0","0.0000"
"p2_tile_02","P2 tile 02","15","T2_ClearCellBoundary_014","GT Clear cell boundary","T2_Nucleus_016","4818.8","294.7","457.6","38852.7","43594.6","38838.0","43608.0","0.0","0.0000"
"p2_tile_02","P2 tile 02","16","T2_ClearCellBoundary_015","GT Clear cell boundary","T2_Nucleus_015","3784.5","231.3","474.5","38789.3","43611.5","38802.0","43606.0","0.0","0.0000"
"p2_tile_02","P2 tile 02","17","T2_ClearCellBoundary_016","GT Clear cell boundary","T2_Nucleus_014","4387.5","381.7","478.6","38939.7","43615.6","38964.0","43597.0","0.0","0.0000"
"p2_tile_02","P2 tile 02","18","T2_ClearCellBoundary_017","GT Clear cell boundary","T2_Nucleus_017","1834.0","303.5","511.9","38861.5","43648.9","38887.5","43633.5","48.5","0.0264"
"p2_tile_03","P2 tile 03","1","T3_ClearCellBoundary_001","GT Clear cell boundary","T3_Nucleus_002","5654.5","387.8","55.1","38945.8","43704.1","38924.5","43725.5","0.0","0.0000"
"p2_tile_03","P2 tile 03","2","T3_ClearCellBoundary_002","GT Clear cell boundary","T3_Nucleus_001","3008.5","17.4","56.7","38575.4","43705.7","38578.5","43684.0","0.0","0.0000"
"p2_tile_03","P2 tile 03","3","T3_ClearCellBoundary_003","GT Clear cell boundary","T3_Nucleus_003","5467.0","308.8","70.0","38866.8","43719.0","38893.0","43730.0","0.0","0.0000"
"p2_tile_03","P2 tile 03","4","T3_ClearCellBoundary_004","GT Clear cell boundary","T3_Nucleus_004","10493.5","83.4","97.3","38641.4","43746.3","38592.0","43780.5","0.0","0.0000"
"p2_tile_03","P2 tile 03","5","T3_ClearCellBoundary_005","GT Clear cell boundary","T3_Nucleus_005","4414.0","501.7","98.3","39059.7","43747.3","39053.0","43783.5","0.0","0.0000"
"p2_tile_03","P2 tile 03","6","T3_ClearCellBoundary_007","GT Clear cell boundary","T3_Nucleus_010","9471.5","349.5","135.8","38907.5","43784.8","38908.0","43828.0","0.0","0.0000"
"p2_tile_03","P2 tile 03","7","T3_ClearCellBoundary_008","GT Clear cell boundary","T3_Nucleus_007","2049.5","493.4","169.5","39051.4","43818.5","39049.0","43812.0","0.0","0.0000"
"p2_tile_03","P2 tile 03","8","T3_ClearCellBoundary_009","GT Clear cell boundary","T3_Nucleus_011","6769.0","227.7","177.6","38785.7","43826.6","38772.5","43852.5","0.0","0.0000"
"p2_tile_03","P2 tile 03","9","T3_ClearCellBoundary_011","GT Clear cell boundary","T3_Nucleus_008","6786.5","42.6","202.3","38600.6","43851.3","38611.0","43817.5","0.0","0.0000"
"p2_tile_03","P2 tile 03","10","T3_ClearCellBoundary_012","GT Clear cell boundary","T3_Nucleus_012","3559.0","308.4","214.9","38866.4","43863.9","38899.0","43875.0","0.0","0.0000"
"p2_tile_03","P2 tile 03","11","T3_ClearCellBoundary_013","GT Clear cell boundary","T3_Nucleus_013","8588.8","452.9","228.5","39010.9","43877.5","38979.5","43886.5","0.0","0.0000"
"p2_tile_03","P2 tile 03","12","T3_ClearCellBoundary_015","GT Clear cell boundary","T3_Nucleus_016","5695.5","278.5","271.9","38836.5","43920.9","38827.5","43913.5","0.0","0.0000"
"p2_tile_03","P2 tile 03","13","T3_ClearCellBoundary_016","GT Clear cell boundary","T3_Nucleus_017","6083.0","426.2","290.7","38984.2","43939.7","38991.0","43921.0","0.0","0.0000"
"p2_tile_03","P2 tile 03","14","T3_ClearCellBoundary_017","GT Clear cell boundary","T3_Nucleus_015","6731.0","58.3","297.3","38616.3","43946.3","38650.0","43913.0","0.0","0.0000"
"p2_tile_03","P2 tile 03","15","T3_ClearCellBoundary_018","GT Clear cell boundary","T3_Nucleus_018","2070.0","510.3","309.4","39068.3","43958.4","39067.0","43953.0","0.0","0.0000"
"p2_tile_03","P2 tile 03","16","T3_ClearCellBoundary_019","GT Clear cell boundary","T3_Nucleus_019","3417.0","320.2","324.0","38878.2","43973.0","38868.0","43965.0","0.0","0.0000"
"p2_tile_03","P2 tile 03","17","T3_ClearCellBoundary_020","GT Clear cell boundary","T3_Nucleus_021","1091.5","388.7","332.5","38946.7","43981.5","38951.0","43986.5","0.0","0.0000"
"p2_tile_03","P2 tile 03","18","T3_ClearCellBoundary_021","GT Clear cell boundary","T3_Nucleus_020","8528.0","173.5","346.2","38731.5","43995.2","38724.5","43981.0","0.0","0.0000"
"p2_tile_03","P2 tile 03","19","T3_ClearCellBoundary_022","GT Clear cell boundary","T3_Nucleus_022","2981.0","450.8","347.6","39008.8","43996.6","38980.5","44005.0","0.0","0.0000"
"p2_tile_03","P2 tile 03","20","T3_ClearCellBoundary_023","GT Clear cell boundary","T3_Nucleus_023","6245.0","244.2","363.9","38802.2","44012.9","38825.0","44013.0","0.0","0.0000"
"p2_tile_03","P2 tile 03","21","T3_ClearCellBoundary_024","GT Clear cell boundary","T3_Nucleus_025","2587.5","370.6","373.0","38928.6","44022.0","38921.5","44019.0","0.0","0.0000"
"p2_tile_03","P2 tile 03","22","T3_ClearCellBoundary_025","GT Clear cell boundary","T3_Nucleus_026","3633.5","473.8","386.6","39031.8","44035.6","39034.5","44028.5","0.0","0.0000"
"p2_tile_03","P2 tile 03","23","T3_ClearCellBoundary_026","GT Clear cell boundary","T3_Nucleus_024","4041.5","304.1","388.0","38862.1","44037.0","38886.0","44014.0","0.0","0.0000"
"p2_tile_03","P2 tile 03","24","T3_ClearCellBoundary_028","GT Clear cell boundary","T3_Nucleus_029","3763.0","497.5","451.8","39055.5","44100.8","39027.5","44108.0","0.0","0.0000"
"p2_tile_03","P2 tile 03","25","T3_ClearCellBoundary_029","GT Clear cell boundary","T3_Nucleus_028","4303.0","240.6","454.7","38798.6","44103.7","38794.0","44088.0","0.0","0.0000"
"p2_tile_04","P2 tile 04","1","T4_ClearCellBoundary_005","GT Clear cell boundary","T4_Nucleus_008","19498.9","129.5","201.7","38687.5","44362.7","38704.5","44323.5","0.0","0.0000"
"p2_tile_04","P2 tile 04","2","T4_ClearCellBoundary_006","GT Clear cell boundary","T4_Nucleus_013","7318.8","308.8","219.1","38866.8","44380.1","38888.0","44416.0","0.0","0.0000"
"p2_tile_04","P2 tile 04","3","T4_ClearCellBoundary_007","GT Clear cell boundary","T4_Nucleus_010","4263.5","470.0","223.4","39028.0","44384.4","39026.0","44406.0","0.0","0.0000"
"p2_tile_04","P2 tile 04","4","T4_ClearCellBoundary_008","GT Clear cell boundary","T4_Nucleus_012","2179.6","254.6","241.4","38812.6","44402.4","38813.5","44415.5","0.0","0.0000"
"p2_tile_04","P2 tile 04","5","T4_ClearCellBoundary_010","GT Clear cell boundary","T4_Nucleus_014","6135.0","206.1","285.0","38764.1","44446.0","38739.0","44436.0","0.0","0.0000"
"p2_tile_04","P2 tile 04","6","T4_ClearCellBoundary_011","GT Clear cell boundary","T4_Nucleus_016","5929.0","285.7","296.6","38843.7","44457.6","38820.5","44469.5","0.0","0.0000"
"p2_tile_04","P2 tile 04","7","T4_ClearCellBoundary_012","GT Clear cell boundary","T4_Nucleus_015","13877.1","423.5","313.9","38981.5","44474.9","39004.0","44440.0","0.0","0.0000"
"p2_tile_04","P2 tile 04","8","T4_ClearCellBoundary_013","GT Clear cell boundary","T4_Nucleus_017","3598.4","303.8","360.5","38861.8","44521.5","38864.0","44509.0","0.0","0.0000"
"p2_tile_04","P2 tile 04","9","T4_ClearCellBoundary_014","GT Clear cell boundary","T4_Nucleus_018","9639.4","96.4","362.7","38654.4","44523.7","38620.0","44516.0","0.0","0.0000"
"p2_tile_04","P2 tile 04","10","T4_ClearCellBoundary_015","GT Clear cell boundary","T4_Nucleus_020","5203.8","202.7","379.9","38760.7","44540.9","38745.0","44570.0","0.0","0.0000"
"p2_tile_04","P2 tile 04","11","T4_ClearCellBoundary_016","GT Clear cell boundary","T4_Nucleus_021","7353.9","463.4","396.3","39021.4","44557.3","39009.0","44579.0","0.0","0.0000"
"p2_tile_04","P2 tile 04","12","T4_ClearCellBoundary_018","GT Clear cell boundary","T4_Nucleus_023","5096.9","323.6","411.5","38881.6","44572.5","38854.0","44592.0","0.0","0.0000"
"p2_tile_04","P2 tile 04","13","T4_ClearCellBoundary_019","GT Clear cell boundary","T4_Nucleus_022","9613.5","81.8","443.8","38639.8","44604.8","38589.0","44588.0","0.0","0.0000"
"p2_tile_05","P2 tile 05","1","T5_ClearCellBoundary_001","GT Clear cell boundary","T5_Nucleus_003","11058.8","128.5","106.0","38686.5","44779.0","38653.0","44819.0","0.0","0.0000"
"p2_tile_05","P2 tile 05","2","T5_ClearCellBoundary_003","GT Clear cell boundary","T5_Nucleus_004","4048.0","391.6","169.6","38949.6","44842.6","38935.5","44836.0","0.0","0.0000"
"p2_tile_05","P2 tile 05","3","T5_ClearCellBoundary_004","GT Clear cell boundary","T5_Nucleus_005","5500.5","136.5","193.3","38694.5","44866.3","38724.0","44881.5","0.0","0.0000"
"p2_tile_05","P2 tile 05","4","T5_ClearCellBoundary_005","GT Clear cell boundary","T5_Nucleus_006","3396.0","489.8","202.7","39047.8","44875.7","39045.5","44889.0","0.0","0.0000"
"p2_tile_05","P2 tile 05","5","T5_ClearCellBoundary_006","GT Clear cell boundary","T5_Nucleus_007","4426.5","352.9","213.1","38910.9","44886.1","38938.5","44891.5","0.0","0.0000"
"p2_tile_05","P2 tile 05","6","T5_ClearCellBoundary_007","GT Clear cell boundary","T5_Nucleus_010","8212.2","22.5","240.2","38580.5","44913.2","38572.5","44938.0","0.0","0.0000"
"p2_tile_05","P2 tile 05","7","T5_ClearCellBoundary_008","GT Clear cell boundary","T5_Nucleus_008","9621.0","234.6","240.6","38792.6","44913.6","38826.5","44920.5","0.0","0.0000"
"p2_tile_05","P2 tile 05","8","T5_ClearCellBoundary_009","GT Clear cell boundary","T5_Nucleus_009","4351.3","433.6","245.3","38991.6","44918.3","39001.5","44933.5","0.0","0.0000"
"p2_tile_05","P2 tile 05","9","T5_ClearCellBoundary_011","GT Clear cell boundary","T5_Nucleus_012","7761.0","326.6","280.8","38884.6","44953.8","38894.5","44953.0","0.0","0.0000"
"p2_tile_05","P2 tile 05","10","T5_ClearCellBoundary_012","GT Clear cell boundary","T5_Nucleus_013","6703.5","176.3","312.7","38734.3","44985.7","38752.0","44985.5","0.0","0.0000"
"p2_tile_05","P2 tile 05","11","T5_ClearCellBoundary_013","GT Clear cell boundary","T5_Nucleus_014","5120.5","410.8","319.9","38968.8","44992.9","38987.5","45003.5","0.0","0.0000"
"p2_tile_05","P2 tile 05","12","T5_ClearCellBoundary_014","GT Clear cell boundary","T5_Nucleus_015","3630.5","248.9","327.6","38806.9","45000.6","38802.0","45015.5","0.0","0.0000"
"p2_tile_05","P2 tile 05","13","T5_ClearCellBoundary_015","GT Clear cell boundary","T5_Nucleus_016","5547.0","492.1","340.7","39050.1","45013.7","39057.5","45047.0","0.0","0.0000"
"p2_tile_05","P2 tile 05","14","T5_ClearCellBoundary_016","GT Clear cell boundary","T5_Nucleus_017","4415.5","242.6","369.6","38800.6","45042.6","38819.0","45051.5","0.0","0.0000"
"p2_tile_05","P2 tile 05","15","T5_ClearCellBoundary_017","GT Clear cell boundary","T5_Nucleus_018","5632.6","354.5","398.5","38912.5","45071.5","38945.0","45064.5","0.0","0.0000"
"p2_tile_05","P2 tile 05","16","T5_ClearCellBoundary_018","GT Clear cell boundary","T5_Nucleus_019","4384.0","111.8","414.0","38669.8","45087.0","38661.5","45106.5","0.0","0.0000"
"p2_tile_05","P2 tile 05","17","T5_ClearCellBoundary_019","GT Clear cell boundary","T5_Nucleus_020","6671.0","453.0","419.2","39011.0","45092.2","39022.0","45114.5","0.0","0.0000"
"p2_tile_05","P2 tile 05","18","T5_ClearCellBoundary_020","GT Clear cell boundary","T5_Nucleus_021","6392.0","41.4","460.5","38599.4","45133.5","38622.0","45131.5","0.0","0.0000"
"p2_tile_05","P2 tile 05","19","T5_ClearCellBoundary_021","GT Clear cell boundary","T5_Nucleus_022","4173.0","141.3","467.3","38699.3","45140.3","38683.5","45161.5","0.0","0.0000"
"p2_tile_06","P2 tile 06","1","T6_ClearCellBoundary_001","GT Clear cell boundary","T6_Nucleus_001","2794.7","491.2","65.5","39049.2","45250.5","39064.0","45249.5","0.0","0.0000"
"p2_tile_06","P2 tile 06","2","T6_ClearCellBoundary_002","GT Clear cell boundary","T6_Nucleus_005","11188.0","342.4","143.8","38900.4","45328.8","38929.0","45375.0","0.0","0.0000"
"p2_tile_06","P2 tile 06","3","T6_ClearCellBoundary_003","GT Clear cell boundary","T6_Nucleus_003","2558.5","458.8","170.6","39016.8","45355.6","38994.0","45365.0","0.0","0.0000"
"p2_tile_06","P2 tile 06","4","T6_ClearCellBoundary_004","GT Clear cell boundary","T6_Nucleus_002","6253.0","202.6","172.4","38760.6","45357.4","38756.0","45365.0","0.0","0.0000"
"p2_tile_06","P2 tile 06","5","T6_ClearCellBoundary_005","GT Clear cell boundary","T6_Nucleus_004","5621.5","45.6","179.7","38603.6","45364.7","38614.0","45369.0","0.0","0.0000"
"p2_tile_06","P2 tile 06","6","T6_ClearCellBoundary_006","GT Clear cell boundary","T6_Nucleus_008","6823.5","327.6","236.4","38885.6","45421.4","38868.5","45443.0","0.0","0.0000"
"p2_tile_06","P2 tile 06","7","T6_ClearCellBoundary_007","GT Clear cell boundary","T6_Nucleus_007","11690.5","451.9","242.5","39009.9","45427.5","39015.0","45438.0","0.0","0.0000"
"p2_tile_06","P2 tile 06","8","T6_ClearCellBoundary_008","GT Clear cell boundary","T6_Nucleus_006","11683.5","89.0","247.1","38647.0","45432.1","38649.0","45406.0","0.0","0.0000"
"p2_tile_06","P2 tile 06","9","T6_ClearCellBoundary_009","GT Clear cell boundary","T6_Nucleus_010","1622.0","394.4","301.4","38952.4","45486.4","38937.5","45495.5","0.0","0.0000"
"p2_tile_06","P2 tile 06","10","T6_ClearCellBoundary_010","GT Clear cell boundary","T6_Nucleus_009","2983.0","347.7","301.5","38905.7","45486.5","38933.5","45462.5","0.0","0.0000"
"p2_tile_06","P2 tile 06","11","T6_ClearCellBoundary_012","GT Clear cell boundary","T6_Nucleus_012","6367.5","275.7","319.5","38833.7","45504.5","38826.0","45513.5","0.0","0.0000"
"p2_tile_06","P2 tile 06","12","T6_ClearCellBoundary_013","GT Clear cell boundary","T6_Nucleus_014","13338.0","168.9","353.3","38726.9","45538.3","38756.0","45570.0","0.0","0.0000"
"p2_tile_06","P2 tile 06","13","T6_ClearCellBoundary_014","GT Clear cell boundary","T6_Nucleus_013","6638.0","372.8","359.5","38930.8","45544.5","38953.0","45553.5","0.0","0.0000"
"p2_tile_06","P2 tile 06","14","T6_ClearCellBoundary_015","GT Clear cell boundary","T6_Nucleus_016","8106.0","269.8","414.0","38827.8","45599.0","38808.5","45619.0","0.0","0.0000"
"p2_tile_06","P2 tile 06","15","T6_ClearCellBoundary_018","GT Clear cell boundary","T6_Nucleus_019","7281.0","448.3","465.7","39006.3","45650.7","39012.5","45677.5","0.0","0.0000"
"p2_tile_06","P2 tile 06","16","T6_ClearCellBoundary_019","GT Clear cell boundary","T6_Nucleus_018","5487.5","274.7","487.7","38832.7","45672.7","38804.5","45647.5","0.0","0.0000"
"p2_tile_07","P2 tile 07","1","T7_ClearCellBoundary_002","GT Clear cell boundary","T7_Nucleus_004","5948.0","374.9","96.3","38932.9","45787.3","38924.0","45822.0","0.0","0.0000"
"p2_tile_07","P2 tile 07","2","T7_ClearCellBoundary_003","GT Clear cell boundary","T7_Nucleus_002","7018.0","109.6","104.9","38667.6","45795.9","38674.5","45810.0","0.0","0.0000"
"p2_tile_07","P2 tile 07","3","T7_ClearCellBoundary_004","GT Clear cell boundary","T7_Nucleus_003","6773.0","238.9","117.6","38796.9","45808.6","38820.5","45811.5","0.0","0.0000"
"p2_tile_07","P2 tile 07","4","T7_ClearCellBoundary_005","GT Clear cell boundary","T7_Nucleus_005","4821.0","296.3","155.1","38854.3","45846.1","38867.0","45837.5","0.0","0.0000"
"p2_tile_07","P2 tile 07","5","T7_ClearCellBoundary_006","GT Clear cell boundary","T7_Nucleus_007","3738.5","144.8","160.5","38702.8","45851.5","38701.0","45858.0","0.0","0.0000"
"p2_tile_07","P2 tile 07","6","T7_ClearCellBoundary_007","GT Clear cell boundary","T7_Nucleus_008","1971.0","76.8","166.4","38634.8","45857.4","38658.0","45864.5","0.0","0.0000"
"p2_tile_07","P2 tile 07","7","T7_ClearCellBoundary_008","GT Clear cell boundary","T7_Nucleus_006","15647.5","387.5","205.3","38945.5","45896.3","38947.0","45847.5","0.0","0.0000"
"p2_tile_07","P2 tile 07","8","T7_ClearCellBoundary_009","GT Clear cell boundary","T7_Nucleus_009","2257.5","34.3","206.5","38592.3","45897.5","38612.5","45891.5","0.0","0.0000"
"p2_tile_07","P2 tile 07","9","T7_ClearCellBoundary_010","GT Clear cell boundary","T7_Nucleus_011","4235.5","145.5","222.1","38703.5","45913.1","38690.5","45902.5","0.0","0.0000"
"p2_tile_07","P2 tile 07","10","T7_ClearCellBoundary_011","GT Clear cell boundary","T7_Nucleus_010","7208.0","271.5","224.7","38829.5","45915.7","38863.0","45894.5","0.0","0.0000"
"p2_tile_07","P2 tile 07","11","T7_ClearCellBoundary_012","GT Clear cell boundary","T7_Nucleus_013","4980.0","103.9","246.2","38661.9","45937.2","38669.0","45916.0","0.0","0.0000"
"p2_tile_07","P2 tile 07","12","T7_ClearCellBoundary_014","GT Clear cell boundary","T7_Nucleus_014","2618.0","58.2","255.2","38616.2","45946.2","38617.0","45927.0","0.0","0.0000"
"p2_tile_07","P2 tile 07","13","T7_CompactCellBoundary_001","GT Compact cell boundary","T7_Nucleus_015","924.0","13.0","290.0","38571.0","45981.0","38566.0","45978.0","0.0","0.0000"
"p2_tile_07","P2 tile 07","14","T7_CompactCellBoundary_002","GT Compact cell boundary","T7_Nucleus_016","1787.5","92.9","310.4","38650.9","46001.4","38647.0","46002.5","0.0","0.0000"
"p2_tile_07","P2 tile 07","15","T7_ClearCellBoundary_016","GT Clear cell boundary","T7_Nucleus_018","11411.3","168.1","361.2","38726.1","46052.2","38757.0","46052.5","0.0","0.0000"
"p2_tile_07","P2 tile 07","16","T7_ClearCellBoundary_017","GT Clear cell boundary","T7_Nucleus_019","5060.0","444.6","386.4","39002.6","46077.4","39031.5","46077.5","0.0","0.0000"
"p2_tile_07","P2 tile 07","17","T7_ClearCellBoundary_018","GT Clear cell boundary","T7_Nucleus_020","4629.0","240.5","400.9","38798.5","46091.9","38790.5","46106.5","0.0","0.0000"
"p2_tile_07","P2 tile 07","18","T7_ClearCellBoundary_019","GT Clear cell boundary","T7_Nucleus_021","10018.8","101.2","476.3","38659.2","46167.3","38647.0","46166.0","0.0","0.0000"
"p2_tile_07","P2 tile 07","19","T7_ClearCellBoundary_020","GT Clear cell boundary","T7_Nucleus_024","3177.0","260.0","483.0","38818.0","46174.0","38801.5","46190.0","0.0","0.0000"
"p2_tile_07","P2 tile 07","20","T7_ClearCellBoundary_021","GT Clear cell boundary","T7_Nucleus_023","2513.5","7.0","493.7","38565.0","46184.7","38579.0","46190.0","0.0","0.0000"
"p2_tile_07","P2 tile 07","21","T7_ClearCellBoundary_022","GT Clear cell boundary","T7_Nucleus_022","6339.5","394.3","498.8","38952.3","46189.8","38973.5","46170.5","0.0","0.0000"
"p2_tile_08","P2 tile 08","1","T8_ClearCellBoundary_001","GT Clear cell boundary","T8_Nucleus_001","8011.0","102.6","45.2","38660.6","46254.2","38619.0","46263.5","5.0","0.0006"
"p2_tile_08","P2 tile 08","2","T8_ClearCellBoundary_004","GT Clear cell boundary","T8_Nucleus_005","7033.0","71.3","149.1","38629.3","46358.1","38634.0","46384.5","0.0","0.0000"
"p2_tile_08","P2 tile 08","3","T8_ClearCellBoundary_005","GT Clear cell boundary","T8_Nucleus_006","3184.5","118.6","179.3","38676.6","46388.3","38666.5","46384.5","0.0","0.0000"
"p2_tile_08","P2 tile 08","4","T8_ClearCellBoundary_007","GT Clear cell boundary","T8_Nucleus_007","6975.5","430.2","221.2","38988.2","46430.2","39023.5","46416.0","0.0","0.0000"
"p2_tile_08","P2 tile 08","5","T8_ClearCellBoundary_008","GT Clear cell boundary","T8_Nucleus_008","2643.5","329.3","290.6","38887.3","46499.6","38891.5","46510.5","0.0","0.0000"
"p2_tile_08","P2 tile 08","6","T8_ClearCellBoundary_009","GT Clear cell boundary","T8_Nucleus_009","3796.0","295.0","333.7","38853.0","46542.7","38879.5","46535.5","0.0","0.0000"
"p2_tile_08","P2 tile 08","7","T8_ClearCellBoundary_010","GT Clear cell boundary","T8_Nucleus_010","5707.0","84.1","341.1","38642.1","46550.1","38632.0","46543.0","0.0","0.0000"
"p2_tile_08","P2 tile 08","8","T8_ClearCellBoundary_011","GT Clear cell boundary","T8_Nucleus_011","11033.5","170.3","361.4","38728.3","46570.4","38680.5","46586.5","0.0","0.0000"
"p2_tile_08","P2 tile 08","9","T8_ClearCellBoundary_012","GT Clear cell boundary","T8_Nucleus_012","4875.5","432.4","366.2","38990.4","46575.2","38986.0","46598.5","0.0","0.0000"
"p2_tile_08","P2 tile 08","10","T8_ClearCellBoundary_013","GT Clear cell boundary","T8_Nucleus_015","5448.5","285.8","394.7","38843.8","46603.7","38860.0","46620.5","0.0","0.0000"
"p2_tile_08","P2 tile 08","11","T8_ClearCellBoundary_014","GT Clear cell boundary","T8_Nucleus_013","3867.8","351.4","401.2","38909.4","46610.2","38903.0","46601.5","0.0","0.0000"
"p2_tile_08","P2 tile 08","12","T8_ClearCellBoundary_015","GT Clear cell boundary","T8_Nucleus_014","6908.0","82.8","439.1","38640.8","46648.1","38651.5","46608.0","0.0","0.0000"
"p2_tile_08","P2 tile 08","13","T8_ClearCellBoundary_016","GT Clear cell boundary","T8_Nucleus_016","6399.0","462.5","441.4","39020.5","46650.4","39026.5","46620.5","0.0","0.0000"
"p2_tile_08","P2 tile 08","14","T8_ClearCellBoundary_018","GT Clear cell boundary","T8_Nucleus_019","9714.0","245.0","506.8","38803.0","46715.8","38847.5","46712.5","0.0","0.0000"
"p2_tile_09","P2 tile 09","1","T9_ClearCellBoundary_006","GT Clear cell boundary","T9_Nucleus_010","3753.0","279.6","38.6","38325.6","45729.6","38322.0","45767.0","0.0","0.0000"
"p2_tile_09","P2 tile 09","2","T9_ClearCellBoundary_007","GT Clear cell boundary","T9_Nucleus_007","9021.0","176.3","55.6","38222.3","45746.6","38236.5","45751.5","0.0","0.0000"
"p2_tile_09","P2 tile 09","3","T9_ClearCellBoundary_008","GT Clear cell boundary","T9_Nucleus_013","2189.0","299.9","113.0","38345.9","45804.0","38337.0","45809.5","0.0","0.0000"
"p2_tile_09","P2 tile 09","4","T9_ClearCellBoundary_009","GT Clear cell boundary","T9_Nucleus_014","9170.0","217.5","135.8","38263.5","45826.8","38264.5","45820.0","0.0","0.0000"
"p2_tile_09","P2 tile 09","5","T9_ClearCellBoundary_010","GT Clear cell boundary","T9_Nucleus_012","7508.5","436.3","141.7","38482.3","45832.7","38466.0","45809.0","0.0","0.0000"
"p2_tile_09","P2 tile 09","6","T9_ClearCellBoundary_011","GT Clear cell boundary","T9_Nucleus_015","1099.5","293.8","155.8","38339.8","45846.8","38334.5","45845.0","0.0","0.0000"
"p2_tile_09","P2 tile 09","7","T9_ClearCellBoundary_012","GT Clear cell boundary","T9_Nucleus_017","2581.5","292.6","195.7","38338.6","45886.7","38352.5","45885.0","0.0","0.0000"
"p2_tile_09","P2 tile 09","8","T9_ClearCellBoundary_013","GT Clear cell boundary","T9_Nucleus_018","4616.5","364.9","205.6","38410.9","45896.6","38423.5","45904.0","0.0","0.0000"
"p2_tile_09","P2 tile 09","9","T9_ClearCellBoundary_014","GT Clear cell boundary","T9_Nucleus_020","6346.5","449.5","228.9","38495.5","45919.9","38476.5","45922.5","0.0","0.0000"
"p2_tile_09","P2 tile 09","10","T9_ClearCellBoundary_015","GT Clear cell boundary","T9_Nucleus_023","10345.5","171.2","251.0","38217.2","45942.0","38187.0","45978.5","0.0","0.0000"
"p2_tile_09","P2 tile 09","11","T9_ClearCellBoundary_016","GT Clear cell boundary","T9_Nucleus_022","4040.5","260.1","252.7","38306.1","45943.7","38314.5","45976.5","0.0","0.0000"
"p2_tile_09","P2 tile 09","12","T9_ClearCellBoundary_017","GT Clear cell boundary","T9_Nucleus_021","5668.5","315.7","290.7","38361.7","45981.7","38346.5","45969.5","0.0","0.0000"
"p2_tile_09","P2 tile 09","13","T9_ClearCellBoundary_018","GT Clear cell boundary","T9_Nucleus_025","6013.0","106.5","316.5","38152.5","46007.5","38184.0","46015.5","0.0","0.0000"
"p2_tile_09","P2 tile 09","14","T9_ClearCellBoundary_019","GT Clear cell boundary","T9_Nucleus_024","11265.0","226.2","345.5","38272.2","46036.5","38259.0","46007.0","0.0","0.0000"
"p2_tile_09","P2 tile 09","15","T9_ClearCellBoundary_020","GT Clear cell boundary","T9_Nucleus_028","5696.0","302.0","424.7","38348.0","46115.7","38351.5","46132.0","0.0","0.0000"
"p2_tile_09","P2 tile 09","16","T9_ClearCellBoundary_021","GT Clear cell boundary","T9_Nucleus_029","3047.5","315.6","483.0","38361.6","46174.0","38343.0","46185.0","0.0","0.0000"
"p2_tile_10","P2 tile 10","1","T10_ClearCellBoundary_002","GT Clear cell boundary","T10_Nucleus_005","2273.2","43.3","2.9","37577.3","45693.9","37555.5","45708.0","0.0","0.0000"
"p2_tile_10","P2 tile 10","2","T10_ClearCellBoundary_004","GT Clear cell boundary","T10_Nucleus_003","2660.5","451.1","10.7","37985.1","45701.7","38003.0","45697.5","0.0","0.0000"
"p2_tile_10","P2 tile 10","3","T10_ClearCellBoundary_005","GT Clear cell boundary","T10_Nucleus_007","2528.0","380.3","28.2","37914.3","45719.2","37914.0","45721.5","0.0","0.0000"
"p2_tile_10","P2 tile 10","4","T10_ClearCellBoundary_006","GT Clear cell boundary","T10_Nucleus_006","3899.0","169.5","37.9","37703.5","45728.9","37696.5","45721.5","0.0","0.0000"
"p2_tile_10","P2 tile 10","5","T10_ClearCellBoundary_007","GT Clear cell boundary","T10_Nucleus_004","4171.3","114.3","42.7","37648.3","45733.7","37644.0","45707.5","0.0","0.0000"
"p2_tile_10","P2 tile 10","6","T10_ClearCellBoundary_008","GT Clear cell boundary","T10_Nucleus_008","3359.5","333.7","63.1","37867.7","45754.1","37874.0","45748.0","0.0","0.0000"
"p2_tile_10","P2 tile 10","7","T10_ClearCellBoundary_009","GT Clear cell boundary","T10_Nucleus_009","5605.5","271.4","82.5","37805.4","45773.5","37832.5","45781.0","0.0","0.0000"
"p2_tile_10","P2 tile 10","8","T10_ClearCellBoundary_010","GT Clear cell boundary","T10_Nucleus_010","5533.5","415.6","91.2","37949.6","45782.2","37959.5","45802.5","0.0","0.0000"
"p2_tile_10","P2 tile 10","9","T10_ClearCellBoundary_011","GT Clear cell boundary","T10_Nucleus_013","9817.0","103.4","133.8","37637.4","45824.8","37627.5","45857.0","0.0","0.0000"
"p2_tile_10","P2 tile 10","10","T10_ClearCellBoundary_012","GT Clear cell boundary","T10_Nucleus_011","6447.0","312.3","138.1","37846.3","45829.1","37796.0","45838.5","0.0","0.0000"
"p2_tile_10","P2 tile 10","11","T10_ClearCellBoundary_013","GT Clear cell boundary","T10_Nucleus_012","4106.0","433.4","153.6","37967.4","45844.6","37940.5","45846.5","0.0","0.0000"
"p2_tile_10","P2 tile 10","12","T10_ClearCellBoundary_014","GT Clear cell boundary","T10_Nucleus_014","6853.5","161.5","192.9","37695.5","45883.9","37674.0","45890.0","0.0","0.0000"
"p2_tile_10","P2 tile 10","13","T10_ClearCellBoundary_015","GT Clear cell boundary","T10_Nucleus_015","6991.5","144.2","275.5","37678.2","45966.5","37647.0","45940.0","0.0","0.0000"
"p2_tile_10","P2 tile 10","14","T10_ClearCellBoundary_016","GT Clear cell boundary","T10_Nucleus_017","10091.9","55.5","304.9","37589.5","45995.9","37610.0","46006.5","2.0","0.0002"
"p2_tile_10","P2 tile 10","15","T10_ClearCellBoundary_017","GT Clear cell boundary","T10_Nucleus_019","6563.0","201.7","352.3","37735.7","46043.3","37733.0","46081.5","0.0","0.0000"
"p2_tile_10","P2 tile 10","16","T10_ClearCellBoundary_018","GT Clear cell boundary","T10_Nucleus_018","6108.5","72.0","372.1","37606.0","46063.1","37610.0","46072.0","12.5","0.0020"
"p2_tile_10","P2 tile 10","17","T10_ClearCellBoundary_019","GT Clear cell boundary","T10_Nucleus_020","5256.8","255.1","397.8","37789.1","46088.8","37784.0","46094.5","0.0","0.0000"
"p2_tile_10","P2 tile 10","18","T10_ClearCellBoundary_020","GT Clear cell boundary","T10_Nucleus_022","11711.5","138.6","435.4","37672.6","46126.4","37679.0","46129.0","0.0","0.0000"
"p2_tile_10","P2 tile 10","19","T10_ClearCellBoundary_021","GT Clear cell boundary","T10_Nucleus_021","5659.5","33.4","452.4","37567.4","46143.4","37552.5","46125.5","0.0","0.0000"
"p2_tile_10","P2 tile 10","20","T10_ClearCellBoundary_022","GT Clear cell boundary","T10_Nucleus_023","8141.3","225.5","476.9","37759.5","46167.9","37733.0","46150.0","8.0","0.0010"
"p2_tile_11","P2 tile 11","1","T11_ClearCellBoundary_003","GT Clear cell boundary","T11_Nucleus_007","5093.0","213.9","27.7","37235.9","45718.7","37239.5","45726.0","0.0","0.0000"
"p2_tile_11","P2 tile 11","2","T11_CompactCellBoundary_002","GT Compact cell boundary","T11_Nucleus_008","4650.0","336.2","41.6","37358.2","45732.6","37347.0","45736.0","0.0","0.0000"
"p2_tile_11","P2 tile 11","3","T11_ClearCellBoundary_004","GT Clear cell boundary","T11_Nucleus_010","3861.0","51.8","70.8","37073.8","45761.8","37079.0","45754.5","0.0","0.0000"
"p2_tile_11","P2 tile 11","4","T11_ClearCellBoundary_005","GT Clear cell boundary","T11_Nucleus_011","7621.0","188.2","88.2","37210.2","45779.2","37181.5","45768.5","0.0","0.0000"
"p2_tile_11","P2 tile 11","5","T11_ClearCellBoundary_006","GT Clear cell boundary","T11_Nucleus_016","5345.0","275.1","117.9","37297.1","45808.9","37305.0","45862.0","0.0","0.0000"
"p2_tile_11","P2 tile 11","6","T11_ClearCellBoundary_007","GT Clear cell boundary","T11_Nucleus_015","4587.5","229.6","179.9","37251.6","45870.9","37255.5","45851.0","0.0","0.0000"
"p2_tile_11","P2 tile 11","7","T11_ClearCellBoundary_008","GT Clear cell boundary","T11_Nucleus_017","2794.0","342.2","181.8","37364.2","45872.8","37362.5","45878.0","0.0","0.0000"
"p2_tile_11","P2 tile 11","8","T11_ClearCellBoundary_009","GT Clear cell boundary","T11_Nucleus_018","3047.0","467.5","196.1","37489.5","45887.1","37493.0","45902.5","0.0","0.0000"
"p2_tile_11","P2 tile 11","9","T11_ClearCellBoundary_011","GT Clear cell boundary","T11_Nucleus_019","6993.0","247.8","240.5","37269.8","45931.5","37302.5","45904.0","0.0","0.0000"
"p2_tile_11","P2 tile 11","10","T11_ClearCellBoundary_013","GT Clear cell boundary","T11_Nucleus_022","6897.7","359.8","246.3","37381.8","45937.3","37362.0","45917.5","0.0","0.0000"
"p2_tile_11","P2 tile 11","11","T11_ClearCellBoundary_015","GT Clear cell boundary","T11_Nucleus_027","5947.0","287.5","311.4","37309.5","46002.4","37327.5","45986.0","0.0","0.0000"
"p2_tile_11","P2 tile 11","12","T11_ClearCellBoundary_017","GT Clear cell boundary","T11_Nucleus_032","8082.0","180.2","339.5","37202.2","46030.5","37241.0","46030.5","0.0","0.0000"
"p2_tile_11","P2 tile 11","13","T11_ClearCellBoundary_018","GT Clear cell boundary","T11_Nucleus_030","5513.0","354.2","342.4","37376.2","46033.4","37354.5","46018.5","0.0","0.0000"
"p2_tile_11","P2 tile 11","14","T11_ClearCellBoundary_019","GT Clear cell boundary","T11_Nucleus_034","3100.0","442.6","406.6","37464.6","46097.6","37466.0","46077.5","0.0","0.0000"
"p2_tile_11","P2 tile 11","15","T11_ClearCellBoundary_020","GT Clear cell boundary","T11_Nucleus_037","5867.0","313.1","412.1","37335.1","46103.1","37320.5","46131.5","0.0","0.0000"
"p2_tile_11","P2 tile 11","16","T11_ClearCellBoundary_021","GT Clear cell boundary","T11_Nucleus_036","8810.4","233.6","417.4","37255.6","46108.4","37278.5","46130.5","0.0","0.0000"
"p2_tile_11","P2 tile 11","17","T11_CompactCellBoundary_003","GT Compact cell boundary","T11_Nucleus_038","1433.0","357.7","452.9","37379.7","46143.9","37382.5","46143.5","0.0","0.0000"
"p2_tile_11","P2 tile 11","18","T11_ClearCellBoundary_022","GT Clear cell boundary","T11_Nucleus_040","5211.0","19.6","464.2","37041.6","46155.2","37022.5","46169.0","0.0","0.0000"
"p2_tile_11","P2 tile 11","19","T11_ClearCellBoundary_023","GT Clear cell boundary","T11_Nucleus_041","4411.0","206.1","480.7","37228.1","46171.7","37270.0","46169.5","0.0","0.0000"
"p2_tile_11","P2 tile 11","20","T11_ClearCellBoundary_024","GT Clear cell boundary","T11_Nucleus_042","4272.0","82.9","490.9","37104.9","46181.9","37088.5","46183.5","0.0","0.0000"
"p2_tile_11","P2 tile 11","21","T11_ClearCellBoundary_025","GT Clear cell boundary","T11_Nucleus_043","3506.5","286.9","503.4","37308.9","46194.4","37303.5","46187.5","0.0","0.0000"
"p2_tile_12","P2 tile 12","1","T12_CompactCellBoundary_002","GT Compact cell boundary","T12_Nucleus_003","740.5","487.7","4.4","37509.7","45183.4","37508.5","45181.5","0.0","0.0000"
"p2_tile_12","P2 tile 12","2","T12_ClearCellBoundary_002","GT Clear cell boundary","T12_Nucleus_004","2309.5","155.8","7.5","37177.8","45186.5","37157.0","45187.5","0.0","0.0000"
"p2_tile_12","P2 tile 12","3","T12_CompactCellBoundary_003","GT Compact cell boundary","T12_Nucleus_007","1326.5","376.9","23.5","37398.9","45202.5","37396.5","45198.5","0.0","0.0000"
"p2_tile_12","P2 tile 12","4","T12_CompactCellBoundary_004","GT Compact cell boundary","T12_Nucleus_005","2832.5","331.8","25.6","37353.8","45204.6","37356.0","45195.5","0.0","0.0000"
"p2_tile_12","P2 tile 12","5","T12_CompactCellBoundary_005","GT Compact cell boundary","T12_Nucleus_008","1616.0","267.8","38.3","37289.8","45217.3","37286.5","45206.0","0.0","0.0000"
"p2_tile_12","P2 tile 12","6","T12_ClearCellBoundary_003","GT Clear cell boundary","T12_Nucleus_010","3997.3","493.0","62.6","37515.0","45241.6","37518.0","45247.5","0.0","0.0000"
"p2_tile_12","P2 tile 12","7","T12_ClearCellBoundary_004","GT Clear cell boundary","T12_Nucleus_011","2090.5","53.5","66.1","37075.5","45245.1","37082.5","45262.0","0.0","0.0000"
"p2_tile_12","P2 tile 12","8","T12_ClearCellBoundary_005","GT Clear cell boundary","T12_Nucleus_013","6946.5","116.7","91.5","37138.7","45270.5","37108.5","45293.5","0.0","0.0000"
"p2_tile_12","P2 tile 12","9","T12_ClearCellBoundary_006","GT Clear cell boundary","T12_Nucleus_012","3569.5","34.5","113.3","37056.5","45292.3","37076.0","45287.5","0.0","0.0000"
"p2_tile_12","P2 tile 12","10","T12_ClearCellBoundary_007","GT Clear cell boundary","T12_Nucleus_016","5425.0","287.2","114.5","37309.2","45293.5","37321.0","45317.0","0.0","0.0000"
"p2_tile_12","P2 tile 12","11","T12_CompactCellBoundary_006","GT Compact cell boundary","T12_Nucleus_014","3519.0","484.2","131.0","37506.2","45310.0","37496.5","45308.0","0.0","0.0000"
"p2_tile_12","P2 tile 12","12","T12_ClearCellBoundary_008","GT Clear cell boundary","T12_Nucleus_015","2408.0","179.4","137.7","37201.4","45316.7","37196.5","45315.0","0.0","0.0000"
"p2_tile_12","P2 tile 12","13","T12_ClearCellBoundary_009","GT Clear cell boundary","T12_Nucleus_017","3127.5","258.6","162.8","37280.6","45341.8","37272.5","45342.5","0.0","0.0000"
"p2_tile_12","P2 tile 12","14","T12_ClearCellBoundary_010","GT Clear cell boundary","T12_Nucleus_019","5868.4","94.8","179.0","37116.8","45358.0","37128.0","45353.0","0.0","0.0000"
"p2_tile_12","P2 tile 12","15","T12_CompactCellBoundary_007","GT Compact cell boundary","T12_Nucleus_020","2459.0","469.9","182.0","37491.9","45361.0","37487.5","45367.5","0.0","0.0000"
"p2_tile_12","P2 tile 12","16","T12_ClearCellBoundary_011","GT Clear cell boundary","T12_Nucleus_018","2508.0","183.3","183.4","37205.3","45362.4","37189.0","45350.0","0.0","0.0000"
"p2_tile_12","P2 tile 12","17","T12_CompactCellBoundary_008","GT Compact cell boundary","T12_Nucleus_022","2570.5","378.4","185.2","37400.4","45364.2","37401.0","45382.0","0.0","0.0000"
"p2_tile_12","P2 tile 12","18","T12_CompactCellBoundary_009","GT Compact cell boundary","T12_Nucleus_025","1352.0","339.0","211.0","37361.0","45390.0","37365.5","45395.5","0.0","0.0000"
"p2_tile_12","P2 tile 12","19","T12_ClearCellBoundary_012","GT Clear cell boundary","T12_Nucleus_021","4467.3","153.3","218.0","37175.3","45397.0","37176.0","45380.5","0.0","0.0000"
"p2_tile_12","P2 tile 12","20","T12_CompactCellBoundary_011","GT Compact cell boundary","T12_Nucleus_027","1559.5","443.2","222.5","37465.2","45401.5","37473.0","45403.0","0.0","0.0000"
"p2_tile_12","P2 tile 12","21","T12_CompactCellBoundary_012","GT Compact cell boundary","T12_Nucleus_028","1317.5","376.6","233.9","37398.6","45412.9","37398.0","45417.0","0.0","0.0000"
"p2_tile_12","P2 tile 12","22","T12_ClearCellBoundary_013","GT Clear cell boundary","T12_Nucleus_023","10053.0","36.4","236.5","37058.4","45415.5","37068.0","45385.5","0.0","0.0000"
"p2_tile_12","P2 tile 12","23","T12_CompactCellBoundary_013","GT Compact cell boundary","T12_Nucleus_029","1187.0","202.9","238.2","37224.9","45417.2","37218.0","45421.5","0.0","0.0000"
"p2_tile_12","P2 tile 12","24","T12_CompactCellBoundary_014","GT Compact cell boundary","T12_Nucleus_031","1790.0","332.0","255.0","37354.0","45434.0","37363.5","45430.5","0.0","0.0000"
"p2_tile_12","P2 tile 12","25","T12_ClearCellBoundary_014","GT Clear cell boundary","T12_Nucleus_030","6032.5","462.3","273.7","37484.3","45452.7","37485.5","45424.0","0.0","0.0000"
"p2_tile_12","P2 tile 12","26","T12_CompactCellBoundary_016","GT Compact cell boundary","T12_Nucleus_034","1092.0","339.8","283.9","37361.8","45462.9","37365.5","45462.5","0.0","0.0000"
"p2_tile_12","P2 tile 12","27","T12_ClearCellBoundary_015","GT Clear cell boundary","T12_Nucleus_032","6086.5","119.2","287.2","37141.2","45466.2","37140.0","45432.5","0.0","0.0000"
"p2_tile_12","P2 tile 12","28","T12_CompactCellBoundary_017","GT Compact cell boundary","T12_Nucleus_036","919.8","504.5","307.5","37526.5","45486.5","37524.0","45492.5","0.0","0.0000"
"p2_tile_12","P2 tile 12","29","T12_CompactCellBoundary_018","GT Compact cell boundary","T12_Nucleus_038","1778.3","341.3","317.9","37363.3","45496.9","37367.5","45501.0","0.0","0.0000"
"p2_tile_12","P2 tile 12","30","T12_ClearCellBoundary_016","GT Clear cell boundary","T12_Nucleus_037","3844.5","397.5","327.7","37419.5","45506.7","37409.5","45500.0","0.0","0.0000"
"p2_tile_12","P2 tile 12","31","T12_ClearCellBoundary_017","GT Clear cell boundary","T12_Nucleus_039","4353.0","167.4","334.5","37189.4","45513.5","37184.5","45517.0","0.0","0.0000"
"p2_tile_12","P2 tile 12","32","T12_CompactCellBoundary_020","GT Compact cell boundary","T12_Nucleus_041","1619.5","60.5","356.5","37082.5","45535.5","37086.0","45530.5","0.0","0.0000"
"p2_tile_12","P2 tile 12","33","T12_CompactCellBoundary_021","GT Compact cell boundary","T12_Nucleus_043","1494.5","356.8","362.3","37378.8","45541.3","37378.5","45539.5","0.0","0.0000"
"p2_tile_12","P2 tile 12","34","T12_ClearCellBoundary_018","GT Clear cell boundary","T12_Nucleus_044","5930.4","481.3","370.4","37503.3","45549.4","37496.0","45545.5","0.0","0.0000"
"p2_tile_12","P2 tile 12","35","T12_CompactCellBoundary_022","GT Compact cell boundary","T12_Nucleus_042","2499.4","322.3","375.0","37344.3","45554.0","37343.5","45533.5","0.0","0.0000"
"p2_tile_12","P2 tile 12","36","T12_ClearCellBoundary_019","GT Clear cell boundary","T12_Nucleus_047","3486.5","244.4","378.6","37266.4","45557.6","37263.0","45570.0","0.0","0.0000"
"p2_tile_12","P2 tile 12","37","T12_CompactCellBoundary_023","GT Compact cell boundary","T12_Nucleus_046","1132.0","413.7","385.2","37435.7","45564.2","37435.5","45569.0","0.0","0.0000"
"p2_tile_12","P2 tile 12","38","T12_ClearCellBoundary_021","GT Clear cell boundary","T12_Nucleus_049","3287.0","87.7","395.1","37109.7","45574.1","37110.0","45590.0","0.0","0.0000"
"p2_tile_12","P2 tile 12","39","T12_ClearCellBoundary_022","GT Clear cell boundary","T12_Nucleus_052","2894.5","135.5","406.3","37157.5","45585.3","37159.5","45597.0","0.0","0.0000"
"p2_tile_12","P2 tile 12","40","T12_ClearCellBoundary_023","GT Clear cell boundary","T12_Nucleus_050","2411.5","372.0","413.1","37394.0","45592.1","37393.5","45591.0","0.0","0.0000"
"p2_tile_12","P2 tile 12","41","T12_CompactCellBoundary_024","GT Compact cell boundary","T12_Nucleus_051","2300.5","281.4","416.3","37303.4","45595.3","37290.0","45595.0","0.0","0.0000"
"p2_tile_12","P2 tile 12","42","T12_CompactCellBoundary_025","GT Compact cell boundary","T12_Nucleus_048","1172.0","415.8","416.8","37437.8","45595.8","37433.5","45588.0","0.0","0.0000"
"p2_tile_12","P2 tile 12","43","T12_CompactCellBoundary_026","GT Compact cell boundary","T12_Nucleus_053","2106.0","207.2","424.3","37229.2","45603.3","37234.5","45599.0","0.0","0.0000"
"p2_tile_12","P2 tile 12","44","T12_ClearCellBoundary_024","GT Clear cell boundary","T12_Nucleus_054","662.5","162.1","433.6","37184.1","45612.6","37175.0","45612.0","0.0","0.0000"
"p2_tile_12","P2 tile 12","45","T12_ClearCellBoundary_025","GT Clear cell boundary","T12_Nucleus_055","2344.5","61.2","438.2","37083.2","45617.2","37093.5","45619.5","0.0","0.0000"
"p2_tile_12","P2 tile 12","46","T12_CompactCellBoundary_027","GT Compact cell boundary","T12_Nucleus_056","3160.5","238.1","462.0","37260.1","45641.0","37260.0","45632.5","0.0","0.0000"
"p2_tile_12","P2 tile 12","47","T12_ClearCellBoundary_027","GT Clear cell boundary","T12_Nucleus_059","1573.5","154.9","470.1","37176.9","45649.1","37174.5","45647.5","0.0","0.0000"
"p2_tile_12","P2 tile 12","48","T12_CompactCellBoundary_028","GT Compact cell boundary","T12_Nucleus_060","2847.5","286.1","481.1","37308.1","45660.1","37310.5","45649.0","0.0","0.0000"
"p2_tile_13","P2 tile 13","1","T13_ClearCellBoundary_004","GT Clear cell boundary","T13_Nucleus_004","1458.5","291.6","22.2","38337.6","45201.2","38336.5","45208.0","0.0","0.0000"
"p2_tile_13","P2 tile 13","2","T13_ClearCellBoundary_005","GT Clear cell boundary","T13_Nucleus_005","2997.0","17.8","31.7","38063.8","45210.7","38059.0","45217.5","0.0","0.0000"
"p2_tile_13","P2 tile 13","3","T13_CompactCellBoundary_001","GT Compact cell boundary","T13_Nucleus_006","646.5","312.6","56.4","38358.6","45235.4","38358.0","45240.5","0.0","0.0000"
"p2_tile_13","P2 tile 13","4","T13_ClearCellBoundary_006","GT Clear cell boundary","T13_Nucleus_008","4366.0","203.4","65.2","38249.4","45244.2","38274.5","45260.0","0.0","0.0000"
"p2_tile_13","P2 tile 13","5","T13_ClearCellBoundary_007","GT Clear cell boundary","T13_Nucleus_009","7578.5","394.2","69.4","38440.2","45248.4","38437.5","45279.5","0.0","0.0000"
"p2_tile_13","P2 tile 13","6","T13_ClearCellBoundary_008","GT Clear cell boundary","T13_Nucleus_007","4835.0","276.1","82.3","38322.1","45261.3","38331.0","45245.0","0.0","0.0000"
"p2_tile_13","P2 tile 13","7","T13_ClearCellBoundary_009","GT Clear cell boundary","T13_Nucleus_011","4255.5","140.4","90.4","38186.4","45269.4","38187.5","45297.0","0.0","0.0000"
"p2_tile_13","P2 tile 13","8","T13_ClearCellBoundary_010","GT Clear cell boundary","T13_Nucleus_014","6398.0","445.8","117.3","38491.8","45296.3","38469.5","45315.5","0.0","0.0000"
"p2_tile_13","P2 tile 13","9","T13_ClearCellBoundary_012","GT Clear cell boundary","T13_Nucleus_012","2386.5","82.3","119.8","38128.3","45298.8","38140.5","45300.5","0.0","0.0000"
"p2_tile_13","P2 tile 13","10","","GT Compact cell boundary","T13_Nucleus_013","872.5","245.0","124.9","38291.0","45303.9","38288.5","45304.5","0.0","0.0000"
"p2_tile_13","P2 tile 13","11","T13_ClearCellBoundary_013","GT Clear cell boundary","T13_Nucleus_015","1274.5","116.9","141.4","38162.9","45320.4","38157.0","45321.0","0.0","0.0000"
"p2_tile_13","P2 tile 13","12","T13_ClearCellBoundary_014","GT Clear cell boundary","T13_Nucleus_016","5935.3","367.0","160.7","38413.0","45339.7","38438.0","45336.5","0.0","0.0000"
"p2_tile_13","P2 tile 13","13","T13_CompactCellBoundary_002","GT Compact cell boundary","T13_Nucleus_017","961.5","68.5","167.4","38114.5","45346.4","38123.5","45347.0","0.0","0.0000"
"p2_tile_13","P2 tile 13","14","T13_CompactCellBoundary_003","GT Compact cell boundary","T13_Nucleus_018","526.0","151.4","176.6","38197.4","45355.6","38197.5","45356.5","0.0","0.0000"
"p2_tile_13","P2 tile 13","15","T13_ClearCellBoundary_015","GT Clear cell boundary","T13_Nucleus_019","3659.5","207.3","176.9","38253.3","45355.9","38265.5","45360.5","0.0","0.0000"
"p2_tile_13","P2 tile 13","16","T13_ClearCellBoundary_016","GT Clear cell boundary","T13_Nucleus_020","1392.0","133.6","208.8","38179.6","45387.8","38176.5","45380.0","0.0","0.0000"
"p2_tile_13","P2 tile 13","17","T13_ClearCellBoundary_018","GT Clear cell boundary","T13_Nucleus_021","2372.0","72.7","221.8","38118.7","45400.8","38120.0","45397.5","0.0","0.0000"
"p2_tile_13","P2 tile 13","18","T13_ClearCellBoundary_019","GT Clear cell boundary","T13_Nucleus_024","1104.0","32.8","226.8","38078.8","45405.8","38079.5","45403.0","0.0","0.0000"
"p2_tile_13","P2 tile 13","19","T13_ClearCellBoundary_020","GT Clear cell boundary","T13_Nucleus_026","2924.0","439.0","229.0","38485.0","45408.0","38480.5","45418.0","0.0","0.0000"
"p2_tile_13","P2 tile 13","20","T13_ClearCellBoundary_021","GT Clear cell boundary","T13_Nucleus_023","3280.0","217.7","229.5","38263.7","45408.5","38273.5","45401.0","0.0","0.0000"
"p2_tile_13","P2 tile 13","21","T13_ClearCellBoundary_022","GT Clear cell boundary","T13_Nucleus_025","3095.5","380.6","232.0","38426.6","45411.0","38419.5","45407.5","0.0","0.0000"
"p2_tile_13","P2 tile 13","22","T13_ClearCellBoundary_023","GT Clear cell boundary","T13_Nucleus_029","6331.0","112.5","279.8","38158.5","45458.8","38172.0","45486.5","0.0","0.0000"
"p2_tile_13","P2 tile 13","23","T13_ClearCellBoundary_024","GT Clear cell boundary","T13_Nucleus_028","2590.0","413.5","281.4","38459.5","45460.4","38444.0","45467.0","0.0","0.0000"
"p2_tile_13","P2 tile 13","24","T13_ClearCellBoundary_025","GT Clear cell boundary","T13_Nucleus_027","2894.5","361.7","287.2","38407.7","45466.2","38398.0","45454.5","0.0","0.0000"
"p2_tile_13","P2 tile 13","25","T13_ClearCellBoundary_026","GT Clear cell boundary","T13_Nucleus_030","3698.0","203.3","332.9","38249.3","45511.9","38271.0","45496.0","0.0","0.0000"
"p2_tile_13","P2 tile 13","26","T13_ClearCellBoundary_027","GT Clear cell boundary","T13_Nucleus_033","4313.8","252.1","336.3","38298.1","45515.3","38293.5","45513.0","0.0","0.0000"
"p2_tile_13","P2 tile 13","27","T13_ClearCellBoundary_028","GT Clear cell boundary","T13_Nucleus_032","4306.5","99.9","343.6","38145.9","45522.6","38133.0","45508.0","0.0","0.0000"
"p2_tile_13","P2 tile 13","28","T13_ClearCellBoundary_030","GT Clear cell boundary","T13_Nucleus_034","5260.5","351.8","361.6","38397.8","45540.6","38389.0","45565.0","0.0","0.0000"
"p2_tile_13","P2 tile 13","29","T13_ClearCellBoundary_031","GT Clear cell boundary","T13_Nucleus_036","1453.5","312.2","380.0","38358.2","45559.0","38372.5","45585.0","0.0","0.0000"
"p2_tile_13","P2 tile 13","30","T13_ClearCellBoundary_032","GT Clear cell boundary","T13_Nucleus_035","7163.5","419.0","389.4","38465.0","45568.4","38451.0","45580.0","0.0","0.0000"
"p2_tile_13","P2 tile 13","31","T13_ClearCellBoundary_033","GT Clear cell boundary","T13_Nucleus_037","3069.0","293.3","407.4","38339.3","45586.4","38353.0","45593.5","0.0","0.0000"
"p2_tile_13","P2 tile 13","32","T13_ClearCellBoundary_034","GT Clear cell boundary","T13_Nucleus_038","1427.0","355.6","433.3","38401.6","45612.3","38405.5","45626.0","0.0","0.0000"
"p2_tile_13","P2 tile 13","33","T13_ClearCellBoundary_036","GT Clear cell boundary","T13_Nucleus_040","2513.5","396.9","462.8","38442.9","45641.8","38445.0","45635.5","0.0","0.0000"
"p2_tile_14","P2 tile 14","1","T14_ClearCellBoundary_002","GT Clear cell boundary","T14_Nucleus_004","2686.0","368.4","7.2","37902.4","45186.2","37899.0","45192.0","0.0","0.0000"
"p2_tile_14","P2 tile 14","2","T14_ClearCellBoundary_004","GT Clear cell boundary","T14_Nucleus_005","2140.5","459.5","25.8","37993.5","45204.8","37988.0","45215.0","0.0","0.0000"
"p2_tile_14","P2 tile 14","3","T14_ClearCellBoundary_005","GT Clear cell boundary","T14_Nucleus_007","2693.0","410.1","44.6","37944.1","45223.6","37925.0","45234.5","0.0","0.0000"
"p2_tile_14","P2 tile 14","4","T14_CompactCellBoundary_002","GT Compact cell boundary","T14_Nucleus_006","1352.5","192.2","46.4","37726.2","45225.4","37726.5","45230.0","0.0","0.0000"
"p2_tile_14","P2 tile 14","5","T14_ClearCellBoundary_006","GT Clear cell boundary","T14_Nucleus_008","2655.0","335.9","72.3","37869.9","45251.3","37873.0","45244.0","0.0","0.0000"
"p2_tile_14","P2 tile 14","6","T14_ClearCellBoundary_007","GT Clear cell boundary","T14_Nucleus_009","1976.0","447.4","88.3","37981.4","45267.3","37987.0","45263.0","0.0","0.0000"
"p2_tile_14","P2 tile 14","7","T14_ClearCellBoundary_008","GT Clear cell boundary","T14_Nucleus_010","3244.0","68.6","97.6","37602.6","45276.6","37609.0","45273.0","0.0","0.0000"
"p2_tile_14","P2 tile 14","8","T14_ClearCellBoundary_009","GT Clear cell boundary","T14_Nucleus_011","2441.0","408.5","103.8","37942.5","45282.8","37940.5","45278.0","0.0","0.0000"
"p2_tile_14","P2 tile 14","9","T14_ClearCellBoundary_010","GT Clear cell boundary","T14_Nucleus_013","4599.5","133.5","111.0","37667.5","45290.0","37674.0","45304.0","0.0","0.0000"
"p2_tile_14","P2 tile 14","10","T14_ClearCellBoundary_011","GT Clear cell boundary","T14_Nucleus_012","2279.5","349.6","113.5","37883.6","45292.5","37864.5","45286.0","0.0","0.0000"
"p2_tile_14","P2 tile 14","11","T14_ClearCellBoundary_012","GT Clear cell boundary","T14_Nucleus_014","3126.5","251.4","114.7","37785.4","45293.7","37799.5","45304.0","0.0","0.0000"
"p2_tile_14","P2 tile 14","12","T14_ClearCellBoundary_013","GT Clear cell boundary","T14_Nucleus_015","3906.5","76.6","153.4","37610.6","45332.4","37629.0","45321.0","0.0","0.0000"
"p2_tile_14","P2 tile 14","13","T14_CompactCellBoundary_003","GT Compact cell boundary","T14_Nucleus_017","2439.0","348.2","154.6","37882.2","45333.6","37883.5","45335.5","0.0","0.0000"
"p2_tile_14","P2 tile 14","14","T14_CompactCellBoundary_004","GT Compact cell boundary","T14_Nucleus_018","608.0","20.8","164.4","37554.8","45343.4","37555.5","45346.5","0.0","0.0000"
"p2_tile_14","P2 tile 14","15","T14_ClearCellBoundary_014","GT Clear cell boundary","T14_Nucleus_019","2825.5","291.1","167.8","37825.1","45346.8","37812.0","45356.5","0.0","0.0000"
"p2_tile_14","P2 tile 14","16","T14_CompactCellBoundary_005","GT Compact cell boundary","T14_Nucleus_022","2334.3","80.0","213.8","37614.0","45392.8","37628.0","45393.5","0.0","0.0000"
"p2_tile_14","P2 tile 14","17","T14_ClearCellBoundary_015","GT Clear cell boundary","T14_Nucleus_021","4760.0","321.6","215.7","37855.6","45394.7","37886.0","45386.0","0.0","0.0000"
"p2_tile_14","P2 tile 14","18","T14_ClearCellBoundary_016","GT Clear cell boundary","T14_Nucleus_023","2959.0","383.2","229.5","37917.2","45408.5","37915.0","45431.5","10.2","0.0034"
"p2_tile_14","P2 tile 14","19","T14_ClearCellBoundary_017","GT Clear cell boundary","T14_Nucleus_028","3615.5","434.5","242.2","37968.5","45421.2","37975.0","45444.5","32.0","0.0089"
"p2_tile_14","P2 tile 14","20","T14_CompactCellBoundary_006","GT Compact cell boundary","T14_Nucleus_024","1579.0","80.0","255.4","37614.0","45434.4","37619.5","45434.0","0.0","0.0000"
"p2_tile_14","P2 tile 14","21","T14_ClearCellBoundary_018","GT Clear cell boundary","T14_Nucleus_026","2264.8","323.9","262.2","37857.9","45441.2","37864.5","45439.5","0.0","0.0000"
"p2_tile_14","P2 tile 14","22","T14_ClearCellBoundary_019","GT Clear cell boundary","T14_Nucleus_025","5111.0","121.8","277.0","37655.8","45456.0","37674.5","45439.0","0.0","0.0000"
"p2_tile_14","P2 tile 14","23","T14_ClearCellBoundary_020","GT Clear cell boundary","T14_Nucleus_029","2062.5","349.3","293.7","37883.3","45472.7","37882.0","45468.5","0.0","0.0000"
"p2_tile_14","P2 tile 14","24","T14_ClearCellBoundary_021","GT Clear cell boundary","T14_Nucleus_030","3197.0","268.6","301.1","37802.6","45480.1","37787.0","45483.0","0.0","0.0000"
"p2_tile_14","P2 tile 14","25","T14_ClearCellBoundary_022","GT Clear cell boundary","T14_Nucleus_031","3847.5","419.2","306.6","37953.2","45485.6","37930.5","45490.0","0.0","0.0000"
"p2_tile_14","P2 tile 14","26","T14_ClearCellBoundary_023","GT Clear cell boundary","T14_Nucleus_027","11301.5","201.7","320.2","37735.7","45499.2","37732.5","45444.5","0.0","0.0000"
"p2_tile_14","P2 tile 14","27","T14_CompactCellBoundary_007","GT Compact cell boundary","T14_Nucleus_032","1971.5","313.2","335.5","37847.2","45514.5","37847.5","45515.0","0.0","0.0000"
"p2_tile_14","P2 tile 14","28","T14_ClearCellBoundary_024","GT Clear cell boundary","T14_Nucleus_033","6073.6","364.1","367.8","37898.1","45546.8","37892.0","45562.0","0.0","0.0000"
"p2_tile_14","P2 tile 14","29","T14_ClearCellBoundary_025","GT Clear cell boundary","T14_Nucleus_034","3047.0","271.7","410.4","37805.7","45589.4","37819.0","45571.5","0.0","0.0000"
"p2_tile_14","P2 tile 14","30","T14_ClearCellBoundary_026","GT Clear cell boundary","T14_Nucleus_035","2761.5","325.4","412.6","37859.4","45591.6","37855.5","45589.5","0.0","0.0000"
"p2_tile_14","P2 tile 14","31","T14_CompactCellBoundary_008","GT Compact cell boundary","T14_Nucleus_036","1953.5","216.3","420.2","37750.3","45599.2","37753.0","45594.5","0.0","0.0000"
"p2_tile_14","P2 tile 14","32","T14_CompactCellBoundary_009","GT Compact cell boundary","T14_Nucleus_037","2023.5","108.0","428.9","37642.0","45607.9","37643.0","45614.0","0.0","0.0000"
"p2_tile_14","P2 tile 14","33","T14_ClearCellBoundary_027","GT Clear cell boundary","T14_Nucleus_038","1592.0","329.0","455.4","37863.0","45634.4","37860.5","45628.0","0.0","0.0000"
"p2_tile_14","P2 tile 14","34","T14_CompactCellBoundary_010","GT Compact cell boundary","T14_Nucleus_039","2011.0","247.9","461.9","37781.9","45640.9","37773.5","45647.0","0.0","0.0000"
"p2_tile_14","P2 tile 14","35","T14_ClearCellBoundary_028","GT Clear cell boundary","T14_Nucleus_040","4253.0","141.1","473.5","37675.1","45652.5","37659.0","45650.5","0.0","0.0000"
"p2_tile_15","P2 tile 15","1","T15_ClearCellBoundary_001","GT Clear cell boundary","T15_Nucleus_001","7526.8","413.0","46.0","37947.0","46249.0","37995.5","46271.5","6.0","0.0008"
"p2_tile_15","P2 tile 15","2","T15_ClearCellBoundary_002","GT Clear cell boundary","T15_Nucleus_002","4063.5","499.4","50.3","38033.4","46253.3","37980.5","46304.5","0.0","0.0000"
"p2_tile_15","P2 tile 15","3","T15_ClearCellBoundary_003","GT Clear cell boundary","T15_Nucleus_005","3968.0","55.3","93.0","37589.3","46296.0","37590.5","46319.5","0.0","0.0000"
"p2_tile_15","P2 tile 15","4","T15_ClearCellBoundary_004","GT Clear cell boundary","T15_Nucleus_004","1219.5","4.2","100.7","37538.2","46303.7","37537.0","46312.0","0.0","0.0000"
"p2_tile_15","P2 tile 15","5","T15_ClearCellBoundary_005","GT Clear cell boundary","T15_Nucleus_008","11606.5","356.7","109.7","37890.7","46312.7","37893.0","46364.0","19.0","0.0016"
"p2_tile_15","P2 tile 15","6","T15_ClearCellBoundary_006","GT Clear cell boundary","T15_Nucleus_003","2785.3","499.8","118.1","38033.8","46321.1","38037.0","46305.5","0.0","0.0000"
"p2_tile_15","P2 tile 15","7","T15_ClearCellBoundary_007","GT Clear cell boundary","T15_Nucleus_006","4658.5","172.2","132.6","37706.2","46335.6","37679.5","46340.5","0.0","0.0000"
"p2_tile_15","P2 tile 15","8","T15_ClearCellBoundary_008","GT Clear cell boundary","T15_Nucleus_009","4896.0","292.3","146.8","37826.3","46349.8","37847.5","46372.0","0.0","0.0000"
"p2_tile_15","P2 tile 15","9","T15_ClearCellBoundary_009","GT Clear cell boundary","T15_Nucleus_007","3978.9","22.6","164.4","37556.6","46367.4","37570.0","46350.5","1.5","0.0004"
"p2_tile_15","P2 tile 15","10","T15_ClearCellBoundary_010","GT Clear cell boundary","T15_Nucleus_010","3599.0","96.5","165.5","37630.5","46368.5","37630.5","46388.0","0.0","0.0000"
"p2_tile_15","P2 tile 15","11","T15_ClearCellBoundary_011","GT Clear cell boundary","T15_Nucleus_011","9858.7","469.3","195.3","38003.3","46398.3","37970.5","46389.0","0.0","0.0000"
"p2_tile_15","P2 tile 15","12","T15_ClearCellBoundary_012","GT Clear cell boundary","T15_Nucleus_013","5851.5","273.9","203.5","37807.9","46406.5","37813.0","46401.0","0.0","0.0000"
"p2_tile_15","P2 tile 15","13","T15_CompactCellBoundary_001","GT Compact cell boundary","T15_Nucleus_012","2521.0","48.0","210.7","37582.0","46413.7","37588.5","46396.0","14.5","0.0058"
"p2_tile_15","P2 tile 15","14","T15_ClearCellBoundary_013","GT Clear cell boundary","T15_Nucleus_014","7240.0","139.2","226.1","37673.2","46429.1","37649.5","46428.0","0.0","0.0000"
"p2_tile_15","P2 tile 15","15","T15_CompactCellBoundary_002","GT Compact cell boundary","T15_Nucleus_015","3214.5","60.4","257.6","37594.4","46460.6","37605.5","46443.0","0.0","0.0000"
"p2_tile_15","P2 tile 15","16","T15_ClearCellBoundary_015","GT Clear cell boundary","T15_Nucleus_017","5693.5","144.8","321.2","37678.8","46524.2","37676.5","46487.5","0.0","0.0000"
"p2_tile_15","P2 tile 15","17","T15_ClearCellBoundary_016","GT Clear cell boundary","T15_Nucleus_018","8138.5","301.4","351.4","37835.4","46554.4","37876.0","46529.0","0.0","0.0000"
"p2_tile_15","P2 tile 15","18","T15_ClearCellBoundary_017","GT Clear cell boundary","T15_Nucleus_019","18332.3","446.2","359.2","37980.2","46562.2","38026.0","46576.0","0.0","0.0000"
"p2_tile_15","P2 tile 15","19","T15_CompactCellBoundary_003","GT Compact cell boundary","T15_Nucleus_020","2004.0","141.5","392.4","37675.5","46595.4","37676.5","46582.5","0.0","0.0000"
"p2_tile_15","P2 tile 15","20","T15_CompactCellBoundary_004","GT Compact cell boundary","T15_Nucleus_021","1732.5","18.9","398.9","37552.9","46601.9","37542.0","46605.5","0.0","0.0000"
"p2_tile_15","P2 tile 15","21","T15_CompactCellBoundary_005","GT Compact cell boundary","T15_Nucleus_022","1146.0","485.7","446.5","38019.7","46649.5","38023.0","46646.0","0.0","0.0000"
"p2_tile_15","P2 tile 15","22","T15_CompactCellBoundary_006","GT Compact cell boundary","T15_Nucleus_023","1684.0","175.0","473.1","37709.0","46676.1","37700.0","46672.5","0.0","0.0000"
"p2_tile_15","P2 tile 15","23","T15_ClearCellBoundary_018","GT Clear cell boundary","T15_Nucleus_024","9476.9","386.5","473.9","37920.5","46676.9","37890.5","46674.0","0.0","0.0000"
"p2_tile_16","P2 tile 16","1","T16_ClearCellBoundary_003","GT Clear cell boundary","T16_Nucleus_003","8458.2","78.5","42.9","37100.5","46245.9","37110.5","46245.5","0.0","0.0000"
"p2_tile_16","P2 tile 16","2","T16_ClearCellBoundary_004","GT Clear cell boundary","T16_Nucleus_006","3652.0","241.6","57.1","37263.6","46260.1","37272.0","46282.0","0.0","0.0000"
"p2_tile_16","P2 tile 16","3","T16_ClearCellBoundary_005","GT Clear cell boundary","T16_Nucleus_004","1310.5","372.1","59.4","37394.1","46262.4","37388.5","46266.5","0.0","0.0000"
"p2_tile_16","P2 tile 16","4","T16_CompactCellBoundary_001","GT Compact cell boundary","T16_Nucleus_007","2338.5","421.5","66.7","37443.5","46269.7","37420.0","46290.0","0.0","0.0000"
"p2_tile_16","P2 tile 16","5","T16_CompactCellBoundary_002","GT Compact cell boundary","T16_Nucleus_005","2331.5","288.7","70.6","37310.7","46273.6","37293.5","46281.5","0.0","0.0000"
"p2_tile_16","P2 tile 16","6","T16_ClearCellBoundary_006","GT Clear cell boundary","T16_Nucleus_010","10020.0","164.2","71.6","37186.2","46274.6","37189.0","46309.0","0.0","0.0000"
"p2_tile_16","P2 tile 16","7","T16_CompactCellBoundary_003","GT Compact cell boundary","T16_Nucleus_008","1731.0","353.5","91.3","37375.5","46294.3","37376.5","46297.5","0.0","0.0000"
"p2_tile_16","P2 tile 16","8","T16_ClearCellBoundary_007","GT Clear cell boundary","T16_Nucleus_009","4129.0","43.2","105.4","37065.2","46308.4","37074.0","46303.5","0.0","0.0000"
"p2_tile_16","P2 tile 16","9","T16_CompactCellBoundary_004","GT Compact cell boundary","T16_Nucleus_011","1689.5","309.6","114.0","37331.6","46317.0","37327.5","46314.5","0.0","0.0000"
"p2_tile_16","P2 tile 16","10","T16_ClearCellBoundary_008","GT Clear cell boundary","T16_Nucleus_013","5548.0","431.3","117.6","37453.3","46320.6","37461.5","46330.0","0.0","0.0000"
"p2_tile_16","P2 tile 16","11","T16_CompactCellBoundary_005","GT Compact cell boundary","T16_Nucleus_016","1550.5","339.4","135.1","37361.4","46338.1","37355.0","46345.0","0.0","0.0000"
"p2_tile_16","P2 tile 16","12","T16_CompactCellBoundary_006","GT Compact cell boundary","T16_Nucleus_014","1175.0","251.2","135.3","37273.2","46338.3","37276.0","46334.0","0.0","0.0000"
"p2_tile_16","P2 tile 16","13","T16_CompactCellBoundary_007","GT Compact cell boundary","T16_Nucleus_012","1938.0","279.7","145.0","37301.7","46348.0","37299.0","46328.5","0.0","0.0000"
"p2_tile_16","P2 tile 16","14","T16_ClearCellBoundary_009","GT Clear cell boundary","T16_Nucleus_015","2973.0","77.8","147.3","37099.8","46350.3","37100.0","46338.0","0.0","0.0000"
"p2_tile_16","P2 tile 16","15","T16_ClearCellBoundary_010","GT Clear cell boundary","T16_Nucleus_018","4814.1","228.6","153.5","37250.6","46356.5","37251.5","46356.0","0.0","0.0000"
"p2_tile_16","P2 tile 16","16","T16_CompactCellBoundary_008","GT Compact cell boundary","T16_Nucleus_020","1844.5","315.8","176.0","37337.8","46379.0","37337.5","46391.0","0.0","0.0000"
"p2_tile_16","P2 tile 16","17","T16_ClearCellBoundary_011","GT Clear cell boundary","T16_Nucleus_017","7476.5","151.5","176.6","37173.5","46379.6","37204.0","46353.5","0.0","0.0000"
"p2_tile_16","P2 tile 16","18","T16_CompactCellBoundary_009","GT Compact cell boundary","T16_Nucleus_022","785.0","55.5","191.7","37077.5","46394.7","37080.5","46401.0","0.0","0.0000"
"p2_tile_16","P2 tile 16","19","T16_CompactCellBoundary_010","GT Compact cell boundary","T16_Nucleus_021","428.0","80.6","194.1","37102.6","46397.1","37108.5","46394.5","0.0","0.0000"
"p2_tile_16","P2 tile 16","20","T16_ClearCellBoundary_013","GT Clear cell boundary","T16_Nucleus_024","12263.7","381.6","206.5","37403.6","46409.5","37342.0","46424.5","0.0","0.0000"
"p2_tile_16","P2 tile 16","21","T16_CompactCellBoundary_011","GT Compact cell boundary","T16_Nucleus_023","455.3","96.9","208.2","37118.9","46411.2","37116.5","46408.0","0.0","0.0000"
"p2_tile_16","P2 tile 16","22","T16_ClearCellBoundary_014","GT Clear cell boundary","T16_Nucleus_027","4853.3","57.8","246.7","37079.8","46449.7","37078.5","46484.0","0.0","0.0000"
"p2_tile_16","P2 tile 16","23","T16_ClearCellBoundary_015","GT Clear cell boundary","T16_Nucleus_025","8436.5","253.5","259.3","37275.5","46462.3","37312.5","46441.0","0.0","0.0000"
"p2_tile_16","P2 tile 16","24","T16_ClearCellBoundary_016","GT Clear cell boundary","T16_Nucleus_028","3555.5","114.0","269.6","37136.0","46472.6","37136.0","46500.0","0.0","0.0000"
"p2_tile_16","P2 tile 16","25","T16_ClearCellBoundary_018","GT Clear cell boundary","T16_Nucleus_026","5870.0","335.5","290.1","37357.5","46493.1","37348.5","46472.0","0.0","0.0000"
"p2_tile_16","P2 tile 16","26","T16_ClearCellBoundary_019","GT Clear cell boundary","T16_Nucleus_031","5252.0","441.0","307.7","37463.0","46510.7","37472.5","46524.5","0.0","0.0000"
"p2_tile_16","P2 tile 16","27","T16_ClearCellBoundary_020","GT Clear cell boundary","T16_Nucleus_030","9054.5","164.8","326.0","37186.8","46529.0","37155.5","46522.0","0.0","0.0000"
"p2_tile_16","P2 tile 16","28","T16_ClearCellBoundary_021","GT Clear cell boundary","T16_Nucleus_034","10873.5","68.6","365.3","37090.6","46568.3","37092.0","46602.5","0.0","0.0000"
"p2_tile_16","P2 tile 16","29","T16_ClearCellBoundary_022","GT Clear cell boundary","T16_Nucleus_033","5187.0","462.9","377.8","37484.9","46580.8","37484.0","46580.5","0.0","0.0000"
"p2_tile_16","P2 tile 16","30","T16_CompactCellBoundary_013","GT Compact cell boundary","T16_Nucleus_036","4264.5","151.7","411.2","37173.7","46614.2","37175.5","46622.5","0.0","0.0000"
"p2_tile_16","P2 tile 16","31","T16_CompactCellBoundary_014","GT Compact cell boundary","T16_Nucleus_038","2428.0","432.9","427.6","37454.9","46630.6","37460.5","46629.0","0.0","0.0000"
"p2_tile_16","P2 tile 16","32","T16_CompactCellBoundary_015","GT Compact cell boundary","T16_Nucleus_040","2711.5","238.4","428.6","37260.4","46631.6","37259.0","46636.0","0.0","0.0000"
"p2_tile_16","P2 tile 16","33","T16_CompactCellBoundary_017","GT Compact cell boundary","T16_Nucleus_042","2228.5","485.2","447.6","37507.2","46650.6","37510.0","46650.5","0.0","0.0000"
"p2_tile_16","P2 tile 16","34","T16_ClearCellBoundary_024","GT Clear cell boundary","T16_Nucleus_043","3803.0","54.1","467.0","37076.1","46670.0","37072.5","46690.0","0.0","0.0000"
"p2_tile_16","P2 tile 16","35","T16_CompactCellBoundary_018","GT Compact cell boundary","T16_Nucleus_044","1111.3","346.3","497.9","37368.3","46700.9","37370.5","46699.5","0.0","0.0000"
"p2_tile_16","P2 tile 16","36","T16_CompactCellBoundary_019","GT Compact cell boundary","T16_Nucleus_045","1468.0","458.8","502.2","37480.8","46705.2","37469.0","46714.5","0.0","0.0000"
"p2_tile_17","P2 tile 17","1","T17_CompactCellBoundary_001","GT Compact cell boundary","T17_Nucleus_001","1144.5","184.6","57.0","37206.6","46772.0","37209.5","46777.0","0.0","0.0000"
"p2_tile_17","P2 tile 17","2","T17_ClearCellBoundary_001","GT Clear cell boundary","T17_Nucleus_003","4628.8","347.7","87.3","37369.7","46802.3","37379.5","46792.5","0.0","0.0000"
"p2_tile_17","P2 tile 17","3","T17_ClearCellBoundary_002","GT Clear cell boundary","T17_Nucleus_005","6856.5","116.9","100.6","37138.9","46815.6","37132.0","46834.0","0.0","0.0000"
"p2_tile_17","P2 tile 17","4","T17_ClearCellBoundary_004","GT Clear cell boundary","T17_Nucleus_007","6529.5","413.1","117.1","37435.1","46832.1","37464.0","46847.5","0.0","0.0000"
"p2_tile_17","P2 tile 17","5","T17_CompactCellBoundary_002","GT Compact cell boundary","T17_Nucleus_006","2256.5","148.6","137.3","37170.6","46852.3","37169.5","46846.0","0.0","0.0000"
"p2_tile_17","P2 tile 17","6","T17_ClearCellBoundary_005","GT Clear cell boundary","T17_Nucleus_010","8922.5","208.2","183.5","37230.2","46898.5","37210.0","46915.0","0.0","0.0000"
"p2_tile_17","P2 tile 17","7","T17_ClearCellBoundary_006","GT Clear cell boundary","T17_Nucleus_009","3221.5","465.1","189.8","37487.1","46904.8","37499.0","46908.5","0.0","0.0000"
"p2_tile_17","P2 tile 17","8","T17_ClearCellBoundary_007","GT Clear cell boundary","T17_Nucleus_012","10895.5","373.7","196.6","37395.7","46911.6","37451.0","46942.5","0.0","0.0000"
"p2_tile_17","P2 tile 17","9","T17_ClearCellBoundary_009","GT Clear cell boundary","T17_Nucleus_014","4871.5","125.2","249.7","37147.2","46964.7","37184.0","46971.5","0.0","0.0000"
"p2_tile_17","P2 tile 17","10","T17_ClearCellBoundary_010","GT Clear cell boundary","T17_Nucleus_013","2509.5","215.7","257.6","37237.7","46972.6","37219.5","46965.5","0.0","0.0000"
"p2_tile_17","P2 tile 17","11","T17_ClearCellBoundary_012","GT Clear cell boundary","T17_Nucleus_016","12150.7","389.0","288.9","37411.0","47003.9","37415.0","46989.0","0.0","0.0000"
"p2_tile_17","P2 tile 17","12","T17_ClearCellBoundary_013","GT Clear cell boundary","T17_Nucleus_017","5470.5","215.5","316.5","37237.5","47031.5","37215.0","47034.5","0.0","0.0000"
"p2_tile_17","P2 tile 17","13","T17_ClearCellBoundary_015","GT Clear cell boundary","T17_Nucleus_018","7990.0","400.2","373.3","37422.2","47088.3","37431.0","47088.0","0.0","0.0000"
"p2_tile_17","P2 tile 17","14","T17_ClearCellBoundary_016","GT Clear cell boundary","T17_Nucleus_020","4295.0","193.8","398.7","37215.8","47113.7","37192.0","47117.0","0.0","0.0000"
"p2_tile_17","P2 tile 17","15","T17_ClearCellBoundary_017","GT Clear cell boundary","T17_Nucleus_021","4494.5","99.5","406.7","37121.5","47121.7","37121.5","47157.0","0.0","0.0000"
"p2_tile_17","P2 tile 17","16","T17_ClearCellBoundary_018","GT Clear cell boundary","T17_Nucleus_022","4920.5","44.0","448.6","37066.0","47163.6","37069.5","47180.0","0.0","0.0000"
"p2_tile_17","P2 tile 17","17","T17_ClearCellBoundary_019","GT Clear cell boundary","T17_Nucleus_023","9598.0","148.0","471.3","37170.0","47186.3","37132.5","47192.5","0.0","0.0000"
"p2_tile_17","P2 tile 17","18","T17_ClearCellBoundary_020","GT Clear cell boundary","T17_Nucleus_025","3482.5","222.5","502.0","37244.5","47217.0","37215.0","47227.0","0.0","0.0000"
"p2_tile_18","P2 tile 18","1","T18_ClearCellBoundary_002","GT Clear cell boundary","T18_Nucleus_003","3066.5","142.2","47.5","37164.2","44714.5","37175.0","44702.5","0.0","0.0000"
"p2_tile_18","P2 tile 18","2","T18_ClearCellBoundary_003","GT Clear cell boundary","T18_Nucleus_002","4196.0","31.3","48.2","37053.3","44715.2","37027.0","44698.5","0.0","0.0000"
"p2_tile_18","P2 tile 18","3","T18_ClearCellBoundary_004","GT Clear cell boundary","T18_Nucleus_004","1906.5","176.4","100.8","37198.4","44767.8","37214.0","44768.5","0.0","0.0000"
"p2_tile_18","P2 tile 18","4","T18_ClearCellBoundary_005","GT Clear cell boundary","T18_Nucleus_005","1608.5","151.9","124.2","37173.9","44791.2","37184.0","44790.5","0.0","0.0000"
"p2_tile_18","P2 tile 18","5","T18_ClearCellBoundary_006","GT Clear cell boundary","T18_Nucleus_006","10034.6","22.2","130.7","37044.2","44797.7","37056.5","44809.0","0.0","0.0000"
"p2_tile_18","P2 tile 18","6","T18_ClearCellBoundary_007","GT Clear cell boundary","T18_Nucleus_007","2154.5","145.9","158.7","37167.9","44825.7","37190.0","44823.5","0.0","0.0000"
"p2_tile_18","P2 tile 18","7","T18_ClearCellBoundary_008","GT Clear cell boundary","T18_Nucleus_008","8033.0","388.2","175.8","37410.2","44842.8","37442.0","44838.0","0.0","0.0000"
"p2_tile_18","P2 tile 18","8","T18_ClearCellBoundary_009","GT Clear cell boundary","T18_Nucleus_009","2927.0","143.1","197.7","37165.1","44864.7","37191.5","44855.5","0.0","0.0000"
"p2_tile_18","P2 tile 18","9","T18_CompactCellBoundary_001","GT Compact cell boundary","T18_Nucleus_010","1882.0","259.4","223.0","37281.4","44890.0","37276.0","44887.0","0.0","0.0000"
"p2_tile_18","P2 tile 18","10","T18_ClearCellBoundary_010","GT Clear cell boundary","T18_Nucleus_012","3233.5","423.4","234.7","37445.4","44901.7","37456.5","44907.0","0.0","0.0000"
"p2_tile_18","P2 tile 18","11","T18_ClearCellBoundary_011","GT Clear cell boundary","T18_Nucleus_015","5140.8","171.9","247.2","37193.9","44914.2","37199.5","44942.5","0.0","0.0000"
"p2_tile_18","P2 tile 18","12","T18_ClearCellBoundary_013","GT Clear cell boundary","T18_Nucleus_013","7981.3","276.6","274.0","37298.6","44941.0","37273.0","44927.5","0.0","0.0000"
"p2_tile_18","P2 tile 18","13","T18_ClearCellBoundary_014","GT Clear cell boundary","T18_Nucleus_016","6718.5","208.1","323.4","37230.1","44990.4","37212.0","44987.0","0.0","0.0000"
"p2_tile_18","P2 tile 18","14","T18_ClearCellBoundary_015","GT Clear cell boundary","T18_Nucleus_017","11236.0","427.2","357.8","37449.2","45024.8","37436.5","45046.0","0.0","0.0000"
"p2_tile_18","P2 tile 18","15","T18_CompactCellBoundary_002","GT Compact cell boundary","T18_Nucleus_018","1053.5","474.7","398.5","37496.7","45065.5","37492.0","45067.5","0.0","0.0000"
"p2_tile_18","P2 tile 18","16","T18_CompactCellBoundary_003","GT Compact cell boundary","T18_Nucleus_021","4033.5","295.1","433.2","37317.1","45100.2","37315.0","45102.5","0.0","0.0000"
"p2_tile_18","P2 tile 18","17","T18_CompactCellBoundary_004","GT Compact cell boundary","T18_Nucleus_022","2421.0","227.6","442.8","37249.6","45109.8","37237.5","45109.0","0.0","0.0000"
"p2_tile_18","P2 tile 18","18","T18_ClearCellBoundary_016","GT Clear cell boundary","T18_Nucleus_020","9653.2","74.9","456.6","37096.9","45123.6","37084.5","45093.0","28.0","0.0029"
"p2_tile_18","P2 tile 18","19","T18_CompactCellBoundary_005","GT Compact cell boundary","T18_Nucleus_023","796.5","201.1","465.9","37223.1","45132.9","37224.0","45138.5","0.0","0.0000"
"p2_tile_18","P2 tile 18","20","T18_CompactCellBoundary_006","GT Compact cell boundary","T18_Nucleus_024","1509.5","351.4","473.5","37373.4","45140.5","37371.0","45142.0","0.0","0.0000"
"p2_tile_18","P2 tile 18","21","T18_CompactCellBoundary_007","GT Compact cell boundary","T18_Nucleus_025","1859.5","382.9","482.9","37404.9","45149.9","37404.0","45161.5","0.0","0.0000"
"p2_tile_18","P2 tile 18","22","T18_CompactCellBoundary_008","GT Compact cell boundary","T18_Nucleus_026","1806.5","304.9","498.3","37326.9","45165.3","37331.5","45167.0","0.0","0.0000"
"p2_tile_19","P2 tile 19","1","T19_ClearCellBoundary_002","GT Clear cell boundary","T19_Nucleus_003","3820.0","115.0","7.7","36625.0","44674.7","36642.0","44713.0","0.0","0.0000"
"p2_tile_19","P2 tile 19","2","T19_ClearCellBoundary_003","GT Clear cell boundary","T19_Nucleus_002","4285.8","462.0","16.0","36972.0","44683.0","36960.5","44683.0","0.0","0.0000"
"p2_tile_19","P2 tile 19","3","T19_ClearCellBoundary_004","GT Clear cell boundary","T19_Nucleus_006","8588.6","210.4","39.1","36720.4","44706.1","36748.0","44746.0","0.0","0.0000"
"p2_tile_19","P2 tile 19","4","T19_ClearCellBoundary_005","GT Clear cell boundary","T19_Nucleus_004","8165.3","335.0","39.3","36845.0","44706.3","36813.0","44720.0","0.0","0.0000"
"p2_tile_19","P2 tile 19","5","T19_ClearCellBoundary_006","GT Clear cell boundary","T19_Nucleus_007","10778.0","68.3","66.9","36578.3","44733.9","36617.5","44772.0","0.0","0.0000"
"p2_tile_19","P2 tile 19","6","T19_ClearCellBoundary_007","GT Clear cell boundary","T19_Nucleus_005","4605.0","419.5","67.3","36929.5","44734.3","36936.0","44721.0","0.0","0.0000"
"p2_tile_19","P2 tile 19","7","T19_ClearCellBoundary_008","GT Clear cell boundary","T19_Nucleus_008","5597.0","205.1","119.7","36715.1","44786.7","36730.0","44779.0","0.0","0.0000"
"p2_tile_19","P2 tile 19","8","T19_ClearCellBoundary_009","GT Clear cell boundary","T19_Nucleus_009","6246.5","64.4","145.0","36574.4","44812.0","36620.5","44802.0","0.0","0.0000"
"p2_tile_19","P2 tile 19","9","T19_ClearCellBoundary_010","GT Clear cell boundary","T19_Nucleus_010","5430.0","392.8","147.5","36902.8","44814.5","36886.5","44836.0","0.0","0.0000"
"p2_tile_19","P2 tile 19","10","T19_ClearCellBoundary_011","GT Clear cell boundary","T19_Nucleus_011","5113.5","306.6","158.1","36816.6","44825.1","36849.5","44840.0","0.0","0.0000"
"p2_tile_19","P2 tile 19","11","T19_ClearCellBoundary_012","GT Clear cell boundary","T19_Nucleus_013","9624.5","202.3","191.6","36712.3","44858.6","36683.5","44882.5","0.0","0.0000"
"p2_tile_19","P2 tile 19","12","T19_ClearCellBoundary_013","GT Clear cell boundary","T19_Nucleus_012","3831.7","399.7","196.8","36909.7","44863.8","36883.5","44870.5","0.0","0.0000"
"p2_tile_19","P2 tile 19","13","T19_CompactCellBoundary_001","GT Compact cell boundary","T19_Nucleus_014","1051.5","424.5","225.4","36934.5","44892.4","36927.5","44889.5","0.0","0.0000"
"p2_tile_19","P2 tile 19","14","T19_ClearCellBoundary_014","GT Clear cell boundary","T19_Nucleus_015","3875.5","451.1","238.5","36961.1","44905.5","36937.5","44948.0","0.0","0.0000"
"p2_tile_19","P2 tile 19","15","T19_ClearCellBoundary_015","GT Clear cell boundary","T19_Nucleus_016","3787.0","185.5","266.0","36695.5","44933.0","36679.0","44949.0","0.0","0.0000"
"p2_tile_19","P2 tile 19","16","T19_ClearCellBoundary_016","GT Clear cell boundary","T19_Nucleus_017","10345.3","330.9","310.5","36840.9","44977.5","36854.5","44952.0","0.0","0.0000"
"p2_tile_19","P2 tile 19","17","T19_ClearCellBoundary_017","GT Clear cell boundary","T19_Nucleus_018","11651.0","194.6","361.5","36704.6","45028.5","36679.5","45013.0","0.0","0.0000"
"p2_tile_19","P2 tile 19","18","T19_ClearCellBoundary_018","GT Clear cell boundary","T19_Nucleus_019","10183.5","89.6","394.9","36599.6","45061.9","36646.0","45049.5","0.0","0.0000"
"p2_tile_19","P2 tile 19","19","T19_ClearCellBoundary_019","GT Clear cell boundary","T19_Nucleus_021","5395.5","334.2","422.2","36844.2","45089.2","36846.5","45121.0","0.0","0.0000"
"p2_tile_19","P2 tile 19","20","T19_ClearCellBoundary_020","GT Clear cell boundary","T19_Nucleus_020","7105.1","413.9","448.8","36923.9","45115.8","36942.5","45112.5","0.0","0.0000"
"p2_tile_19","P2 tile 19","21","T19_ClearCellBoundary_021","GT Clear cell boundary","T19_Nucleus_022","2956.5","205.4","480.3","36715.4","45147.3","36718.5","45166.5","0.0","0.0000"
"p2_tile_19","P2 tile 19","22","T19_ClearCellBoundary_022","GT Clear cell boundary","T19_Nucleus_023","3578.0","450.1","496.0","36960.1","45163.0","36938.5","45168.0","0.0","0.0000"
"p2_tile_19","P2 tile 19","23","T19_ClearCellBoundary_023","GT Clear cell boundary","T19_Nucleus_024","3071.5","10.9","498.3","36520.9","45165.3","36516.5","45173.5","0.0","0.0000"
"p2_tile_20","P2 tile 20","1","T20_ClearCellBoundary_001","GT Clear cell boundary","T20_Nucleus_001","4966.5","70.7","24.9","36580.7","45203.9","36579.5","45231.5","0.0","0.0000"
"p2_tile_20","P2 tile 20","2","T20_ClearCellBoundary_003","GT Clear cell boundary","T20_Nucleus_002","6416.0","103.4","96.7","36613.4","45275.7","36609.0","45251.0","0.0","0.0000"
"p2_tile_20","P2 tile 20","3","T20_CompactCellBoundary_001","GT Compact cell boundary","T20_Nucleus_004","978.5","507.2","104.5","37017.2","45283.5","37018.5","45284.0","0.0","0.0000"
"p2_tile_20","P2 tile 20","4","T20_ClearCellBoundary_004","GT Clear cell boundary","T20_Nucleus_005","5651.5","379.6","143.8","36889.6","45322.8","36899.0","45316.0","0.0","0.0000"
"p2_tile_20","P2 tile 20","5","T20_ClearCellBoundary_005","GT Clear cell boundary","T20_Nucleus_006","10529.5","148.8","179.0","36658.8","45358.0","36678.0","45362.5","0.0","0.0000"
"p2_tile_20","P2 tile 20","6","T20_ClearCellBoundary_006","GT Clear cell boundary","T20_Nucleus_007","4876.8","353.2","212.3","36863.2","45391.3","36884.5","45391.5","0.0","0.0000"
"p2_tile_20","P2 tile 20","7","T20_ClearCellBoundary_007","GT Clear cell boundary","T20_Nucleus_010","5628.5","44.7","241.0","36554.7","45420.0","36563.5","45428.5","0.0","0.0000"
"p2_tile_20","P2 tile 20","8","T20_ClearCellBoundary_008","GT Clear cell boundary","T20_Nucleus_008","6041.5","274.0","244.4","36784.0","45423.4","36769.5","45419.5","0.0","0.0000"
"p2_tile_20","P2 tile 20","9","T20_ClearCellBoundary_009","GT Clear cell boundary","T20_Nucleus_009","8879.9","126.8","271.8","36636.8","45450.8","36619.5","45427.0","0.0","0.0000"
"p2_tile_20","P2 tile 20","10","T20_ClearCellBoundary_010","GT Clear cell boundary","T20_Nucleus_011","9432.0","440.5","273.8","36950.5","45452.8","36884.0","45463.0","0.0","0.0000"
"p2_tile_20","P2 tile 20","11","T20_ClearCellBoundary_011","GT Clear cell boundary","T20_Nucleus_012","3077.4","47.9","313.3","36557.9","45492.3","36572.5","45473.5","0.0","0.0000"
"p2_tile_20","P2 tile 20","12","T20_ClearCellBoundary_012","GT Clear cell boundary","T20_Nucleus_013","3067.5","73.3","349.6","36583.3","45528.6","36581.0","45522.0","0.0","0.0000"
"p2_tile_20","P2 tile 20","13","T20_ClearCellBoundary_013","GT Clear cell boundary","T20_Nucleus_015","7381.6","159.4","362.4","36669.4","45541.4","36616.0","45551.5","0.0","0.0000"
"p2_tile_20","P2 tile 20","14","T20_ClearCellBoundary_015","GT Clear cell boundary","T20_Nucleus_016","1471.5","97.9","397.3","36607.9","45576.3","36622.0","45577.0","0.0","0.0000"
"p2_tile_20","P2 tile 20","15","T20_ClearCellBoundary_016","GT Clear cell boundary","T20_Nucleus_018","8088.0","216.7","430.2","36726.7","45609.2","36697.0","45614.5","0.0","0.0000"
"p2_tile_20","P2 tile 20","16","T20_ClearCellBoundary_017","GT Clear cell boundary","T20_Nucleus_019","4923.5","48.6","450.5","36558.6","45629.5","36564.0","45624.0","0.0","0.0000"
"p2_tile_20","P2 tile 20","17","T20_ClearCellBoundary_018","GT Clear cell boundary","T20_Nucleus_017","8552.5","121.4","456.3","36631.4","45635.3","36663.0","45613.0","0.0","0.0000"
"p2_tile_20","P2 tile 20","18","T20_ClearCellBoundary_019","GT Clear cell boundary","T20_Nucleus_021","8761.0","341.2","459.3","36851.2","45638.3","36879.5","45661.5","0.0","0.0000"
"yolo_tile_21","yolo_tile_21","1","yolo_T21_CompactCellBoundary_001","GT Compact cell boundary","yolo_T21_Nucleus_004","2183.5","264.7","15.1","34600.7","44411.1","34594.9","44428.0","0.0","0.0000"
"yolo_tile_21","yolo_tile_21","2","yolo_T21_ClearCellBoundary_001","GT Clear cell boundary","yolo_T21_Nucleus_002","3250.9","124.9","15.8","34460.9","44411.8","34453.2","44407.5","0.0","0.0000"
"yolo_tile_21","yolo_tile_21","3","yolo_T21_ClearCellBoundary_002","GT Clear cell boundary","yolo_T21_Nucleus_003","7621.0","57.1","44.5","34393.1","44440.5","34392.7","44420.7","0.0","0.0000"
"yolo_tile_21","yolo_tile_21","4","yolo_T21_ClearCellBoundary_003","GT Clear cell boundary","yolo_T21_Nucleus_005","4352.5","310.4","55.1","34646.4","44451.1","34632.3","44442.0","0.0","0.0000"
"yolo_tile_21","yolo_tile_21","5","yolo_T21_CompactCellBoundary_002","GT Compact cell boundary","yolo_T21_Nucleus_007","1540.0","181.0","66.9","34517.0","44462.9","34514.7","44474.0","0.0","0.0000"
"yolo_tile_21","yolo_tile_21","6","yolo_T21_CompactCellBoundary_003","GT Compact cell boundary","yolo_T21_Nucleus_006","1582.0","250.5","75.7","34586.5","44471.7","34582.5","44469.9","0.0","0.0000"
"yolo_tile_21","yolo_tile_21","7","yolo_T21_CompactCellBoundary_004","GT Compact cell boundary","yolo_T21_Nucleus_008","1635.5","83.6","104.1","34419.6","44500.1","34426.8","44498.3","0.0","0.0000"
"yolo_tile_21","yolo_tile_21","8","yolo_T21_CompactCellBoundary_005","GT Compact cell boundary","yolo_T21_Nucleus_009","1031.5","134.7","107.2","34470.7","44503.2","34469.5","44505.5","0.0","0.0000"
"yolo_tile_21","yolo_tile_21","9","yolo_T21_CompactCellBoundary_006","GT Compact cell boundary","yolo_T21_Nucleus_011","1396.0","160.5","117.1","34496.5","44513.1","34490.2","44517.3","0.0","0.0000"
"yolo_tile_21","yolo_tile_21","10","yolo_T21_CompactCellBoundary_007","GT Compact cell boundary","yolo_T21_Nucleus_010","4087.5","307.3","121.6","34643.3","44517.6","34631.4","44508.4","0.0","0.0000"
"yolo_tile_21","yolo_tile_21","11","yolo_T21_CompactCellBoundary_008","GT Compact cell boundary","yolo_T21_Nucleus_012","1905.5","89.7","133.5","34425.7","44529.5","34436.7","44525.9","0.0","0.0000"
"yolo_tile_21","yolo_tile_21","12","yolo_T21_ClearCellBoundary_004","GT Clear cell boundary","yolo_T21_Nucleus_014","5785.0","474.6","140.9","34810.6","44536.9","34838.1","44559.0","0.0","0.0000"
"yolo_tile_21","yolo_tile_21","13","yolo_T21_CompactCellBoundary_009","GT Compact cell boundary","yolo_T21_Nucleus_013","2432.0","13.4","144.6","34349.4","44540.6","34349.2","44550.5","0.0","0.0000"
"yolo_tile_21","yolo_tile_21","14","yolo_T21_ClearCellBoundary_005","GT Clear cell boundary","yolo_T21_Nucleus_015","5470.3","205.6","156.8","34541.6","44552.8","34523.9","44568.7","0.0","0.0000"
"yolo_tile_21","yolo_tile_21","15","yolo_T21_CompactCellBoundary_010","GT Compact cell boundary","yolo_T21_Nucleus_016","2821.5","76.8","181.8","34412.8","44577.8","34420.6","44569.7","0.0","0.0000"
"yolo_tile_21","yolo_tile_21","16","yolo_T21_CompactCellBoundary_011","GT Compact cell boundary","yolo_T21_Nucleus_017","3275.0","336.0","186.4","34672.0","44582.4","34675.8","44587.4","0.0","0.0000"
"yolo_tile_21","yolo_tile_21","17","yolo_T21_CompactCellBoundary_012","GT Compact cell boundary","yolo_T21_Nucleus_018","2531.5","14.3","205.8","34350.3","44601.8","34342.8","44594.3","0.0","0.0000"
"yolo_tile_21","yolo_tile_21","18","yolo_T21_CompactCellBoundary_013","GT Compact cell boundary","yolo_T21_Nucleus_020","1997.2","135.2","212.6","34471.2","44608.6","34480.4","44614.6","0.0","0.0000"
"yolo_tile_21","yolo_tile_21","19","yolo_T21_ClearCellBoundary_006","GT Clear cell boundary","yolo_T21_Nucleus_019","2634.5","218.3","216.9","34554.3","44612.9","34554.1","44602.2","0.0","0.0000"
"yolo_tile_21","yolo_tile_21","20","yolo_T21_CompactCellBoundary_014","GT Compact cell boundary","yolo_T21_Nucleus_021","1861.5","178.7","223.0","34514.7","44619.0","34514.8","44616.3","0.0","0.0000"
"yolo_tile_21","yolo_tile_21","21","yolo_T21_CompactCellBoundary_015","GT Compact cell boundary","yolo_T21_Nucleus_022","1176.5","439.3","260.8","34775.3","44656.8","34781.4","44664.2","0.0","0.0000"
"yolo_tile_21","yolo_tile_21","22","yolo_T21_CompactCellBoundary_016","GT Compact cell boundary","yolo_T21_Nucleus_023","1334.0","484.8","265.9","34820.8","44661.9","34820.8","44664.9","0.0","0.0000"
"yolo_tile_21","yolo_tile_21","23","yolo_T21_ClearCellBoundary_007","GT Clear cell boundary","yolo_T21_Nucleus_024","4306.5","48.5","279.2","34384.5","44675.2","34390.1","44672.0","0.0","0.0000"
"yolo_tile_21","yolo_tile_21","24","yolo_T21_ClearCellBoundary_008","GT Clear cell boundary","yolo_T21_Nucleus_026","4685.0","232.8","295.8","34568.8","44691.8","34564.4","44698.8","0.0","0.0000"
"yolo_tile_21","yolo_tile_21","25","yolo_T21_CompactCellBoundary_017","GT Compact cell boundary","yolo_T21_Nucleus_025","680.5","503.5","297.3","34839.5","44693.3","34838.3","44690.3","0.0","0.0000"
"yolo_tile_21","yolo_tile_21","26","yolo_T21_ClearCellBoundary_009","GT Clear cell boundary","yolo_T21_Nucleus_028","9040.7","420.8","319.4","34756.8","44715.4","34738.4","44736.1","0.0","0.0000"
"yolo_tile_21","yolo_tile_21","27","yolo_T21_ClearCellBoundary_010","GT Clear cell boundary","yolo_T21_Nucleus_027","4669.0","164.4","327.4","34500.4","44723.4","34504.9","44721.6","0.0","0.0000"
"yolo_tile_21","yolo_tile_21","28","yolo_T21_ClearCellBoundary_011","GT Clear cell boundary","yolo_T21_Nucleus_029","1835.5","489.2","339.7","34825.2","44735.7","34814.6","44742.5","0.0","0.0000"
"yolo_tile_21","yolo_tile_21","29","yolo_T21_ClearCellBoundary_012","GT Clear cell boundary","yolo_T21_Nucleus_031","1219.5","253.1","349.3","34589.1","44745.3","34581.3","44755.0","0.0","0.0000"
"yolo_tile_21","yolo_tile_21","30","yolo_T21_ClearCellBoundary_013","GT Clear cell boundary","yolo_T21_Nucleus_032","1437.5","215.7","353.0","34551.7","44749.0","34552.4","44757.7","0.0","0.0000"
"yolo_tile_21","yolo_tile_21","31","yolo_T21_ClearCellBoundary_014","GT Clear cell boundary","yolo_T21_Nucleus_030","3044.5","26.3","353.4","34362.3","44749.4","34364.5","44751.5","0.0","0.0000"
"yolo_tile_21","yolo_tile_21","32","yolo_T21_ClearCellBoundary_015","GT Clear cell boundary","yolo_T21_Nucleus_036","4432.3","160.5","387.1","34496.5","44783.1","34496.1","44793.0","0.0","0.0000"
"yolo_tile_21","yolo_tile_21","33","yolo_T21_ClearCellBoundary_016","GT Clear cell boundary","yolo_T21_Nucleus_035","2944.3","254.4","388.1","34590.4","44784.1","34592.6","44782.6","0.0","0.0000"
"yolo_tile_21","yolo_tile_21","34","yolo_T21_ClearCellBoundary_017","GT Clear cell boundary","yolo_T21_Nucleus_033","9026.0","360.0","394.2","34696.0","44790.2","34701.8","44760.3","0.0","0.0000"
"yolo_tile_21","yolo_tile_21","35","yolo_T21_ClearCellBoundary_018","GT Clear cell boundary","yolo_T21_Nucleus_034","6863.0","456.6","410.1","34792.6","44806.1","34788.3","44782.4","0.0","0.0000"
"yolo_tile_21","yolo_tile_21","36","yolo_T21_CompactCellBoundary_018","GT Compact cell boundary","yolo_T21_Nucleus_038","1107.5","255.9","442.9","34591.9","44838.9","34594.7","44831.6","0.0","0.0000"
"yolo_tile_21","yolo_tile_21","37","yolo_T21_CompactCellBoundary_019","GT Compact cell boundary","yolo_T21_Nucleus_039","1782.0","230.3","443.9","34566.3","44839.9","34569.1","44837.1","0.0","0.0000"
"yolo_tile_21","yolo_tile_21","38","yolo_T21_ClearCellBoundary_019","GT Clear cell boundary","yolo_T21_Nucleus_040","12569.2","69.6","445.9","34405.6","44841.9","34415.0","44872.5","1.0","0.0001"
"yolo_tile_22","yolo_tile_22","1","yolo_T22_CompactCellBoundary_001","GT Compact cell boundary","yolo_T22_Nucleus_001","2620.0","433.0","40.4","34256.0","44436.4","34260.5","44432.5","0.0","0.0000"
"yolo_tile_22","yolo_tile_22","2","yolo_T22_CompactCellBoundary_002","GT Compact cell boundary","yolo_T22_Nucleus_002","3501.5","366.9","61.1","34189.9","44457.1","34198.5","44460.5","0.0","0.0000"
"yolo_tile_22","yolo_tile_22","3","yolo_T22_ClearCellBoundary_001","GT Clear cell boundary","yolo_T22_Nucleus_005","12581.5","240.2","82.5","34063.2","44478.5","34030.9","44519.2","0.0","0.0000"
"yolo_tile_22","yolo_tile_22","4","yolo_T22_CompactCellBoundary_003","GT Compact cell boundary","yolo_T22_Nucleus_003","2149.0","155.9","93.4","33978.9","44489.4","33983.0","44481.9","0.0","0.0000"
"yolo_tile_22","yolo_tile_22","5","yolo_T22_CompactCellBoundary_004","GT Compact cell boundary","yolo_T22_Nucleus_004","2279.0","421.5","106.0","34244.5","44502.0","34242.7","44509.8","0.0","0.0000"
"yolo_tile_22","yolo_tile_22","6","yolo_T22_ClearCellBoundary_003","GT Clear cell boundary","yolo_T22_Nucleus_009","4241.0","52.5","158.8","33875.5","44554.8","33872.6","44583.8","0.0","0.0000"
"yolo_tile_22","yolo_tile_22","7","yolo_T22_ClearCellBoundary_004","GT Clear cell boundary","yolo_T22_Nucleus_008","13084.5","161.2","183.3","33984.2","44579.3","34012.5","44567.2","0.0","0.0000"
"yolo_tile_22","yolo_tile_22","8","yolo_T22_CompactCellBoundary_006","GT Compact cell boundary","yolo_T22_Nucleus_011","2432.0","83.1","220.5","33906.1","44616.5","33919.2","44622.4","0.0","0.0000"
"yolo_tile_22","yolo_tile_22","9","yolo_T22_CompactCellBoundary_007","GT Compact cell boundary","yolo_T22_Nucleus_012","3836.5","462.8","267.1","34285.8","44663.1","34292.8","44664.4","0.0","0.0000"
"yolo_tile_22","yolo_tile_22","10","yolo_T22_CompactCellBoundary_008","GT Compact cell boundary","yolo_T22_Nucleus_013","2264.5","143.5","283.6","33966.5","44679.6","33976.3","44686.2","0.0","0.0000"
"yolo_tile_22","yolo_tile_22","11","yolo_T22_CompactCellBoundary_009","GT Compact cell boundary","yolo_T22_Nucleus_014","3626.4","488.9","312.9","34311.9","44708.9","34309.0","44714.0","0.0","0.0000"
"yolo_tile_22","yolo_tile_22","12","yolo_T22_ClearCellBoundary_007","GT Clear cell boundary","yolo_T22_Nucleus_015","14952.5","200.8","338.9","34023.8","44734.9","34030.2","44751.1","0.0","0.0000"
"yolo_tile_22","yolo_tile_22","13","yolo_T22_ClearCellBoundary_008","GT Clear cell boundary","yolo_T22_Nucleus_017","5604.5","44.0","343.6","33867.0","44739.6","33847.4","44766.0","0.0","0.0000"
"yolo_tile_22","yolo_tile_22","14","yolo_T22_CompactCellBoundary_010","GT Compact cell boundary","yolo_T22_Nucleus_016","3034.0","359.4","368.0","34182.4","44764.0","34171.8","44765.7","0.0","0.0000"
"yolo_tile_22","yolo_tile_22","15","yolo_T22_ClearCellBoundary_009","GT Clear cell boundary","yolo_T22_Nucleus_018","7607.3","284.6","389.8","34107.6","44785.8","34134.8","44775.2","0.0","0.0000"
"yolo_tile_22","yolo_tile_22","16","yolo_T22_ClearCellBoundary_010","GT Clear cell boundary","yolo_T22_Nucleus_019","8048.0","411.1","408.7","34234.1","44804.7","34205.1","44822.0","0.0","0.0000"
"yolo_tile_22","yolo_tile_22","17","yolo_T22_ClearCellBoundary_011","GT Clear cell boundary","yolo_T22_Nucleus_020","3924.5","429.0","463.3","34252.0","44859.3","34248.5","44855.0","0.0","0.0000"
"yolo_tile_22","yolo_tile_22","18","yolo_T22_ClearCellBoundary_012","GT Clear cell boundary","yolo_T22_Nucleus_021","4544.0","37.8","479.0","33860.8","44875.0","33854.5","44892.8","0.0","0.0000"
"yolo_tile_23","yolo_tile_23","1","yolo_T23_ClearCellBoundary_002","GT Clear cell boundary","yolo_T23_Nucleus_004","2225.5","194.7","37.6","35042.7","44433.6","35030.9","44429.9","0.0","0.0000"
"yolo_tile_23","yolo_tile_23","2","yolo_T23_ClearCellBoundary_003","GT Clear cell boundary","yolo_T23_Nucleus_002","12591.5","402.6","57.5","35250.6","44453.5","35245.0","44398.0","0.0","0.0000"
"yolo_tile_23","yolo_tile_23","3","yolo_T23_CompactCellBoundary_002","GT Compact cell boundary","yolo_T23_Nucleus_006","9367.5","219.3","105.5","35067.3","44501.5","35067.3","44526.6","0.0","0.0000"
"yolo_tile_23","yolo_tile_23","4","yolo_T23_CompactCellBoundary_003","GT Compact cell boundary","yolo_T23_Nucleus_005","2884.5","26.0","115.0","34874.0","44511.0","34863.5","44511.0","0.0","0.0000"
"yolo_tile_23","yolo_tile_23","5","yolo_T23_CompactCellBoundary_004","GT Compact cell boundary","yolo_T23_Nucleus_007","3422.4","392.0","141.9","35240.0","44537.9","35232.2","44542.0","0.0","0.0000"
"yolo_tile_23","yolo_tile_23","6","yolo_T23_ClearCellBoundary_004","GT Clear cell boundary","yolo_T23_Nucleus_008","7124.0","291.2","150.9","35139.2","44546.9","35134.2","44584.0","0.0","0.0000"
"yolo_tile_23","yolo_tile_23","7","yolo_T23_ClearCellBoundary_005","GT Clear cell boundary","yolo_T23_Nucleus_009","4352.8","496.5","169.0","35344.5","44565.0","35341.2","44586.8","0.0","0.0000"
"yolo_tile_23","yolo_tile_23","8","yolo_T23_CompactCellBoundary_005","GT Compact cell boundary","yolo_T23_Nucleus_010","4231.0","203.2","197.0","35051.2","44593.0","35029.5","44603.5","0.0","0.0000"
"yolo_tile_23","yolo_tile_23","9","yolo_T23_ClearCellBoundary_006","GT Clear cell boundary","yolo_T23_Nucleus_011","10297.0","408.7","211.0","35256.7","44607.0","35262.8","44630.3","0.0","0.0000"
"yolo_tile_23","yolo_tile_23","10","yolo_T23_CompactCellBoundary_006","GT Compact cell boundary","yolo_T23_Nucleus_013","2561.0","101.0","248.3","34949.0","44644.3","34960.6","44638.9","0.0","0.0000"
"yolo_tile_23","yolo_tile_23","11","yolo_T23_ClearCellBoundary_007","GT Clear cell boundary","yolo_T23_Nucleus_014","7072.5","356.2","285.4","35204.2","44681.4","35260.5","44680.5","0.0","0.0000"
"yolo_tile_23","yolo_tile_23","12","yolo_T23_CompactCellBoundary_008","GT Compact cell boundary","yolo_T23_Nucleus_015","755.5","5.8","359.4","34853.8","44755.4","34856.0","44753.0","0.0","0.0000"
"yolo_tile_23","yolo_tile_23","13","yolo_T23_ClearCellBoundary_008","GT Clear cell boundary","yolo_T23_Nucleus_016","4479.5","258.6","363.4","35106.6","44759.4","35086.7","44763.7","0.0","0.0000"
"yolo_tile_23","yolo_tile_23","14","yolo_T23_CompactCellBoundary_009","GT Compact cell boundary","yolo_T23_Nucleus_017","3712.5","180.3","375.1","35028.3","44771.1","35045.0","44770.5","0.0","0.0000"
"yolo_tile_23","yolo_tile_23","15","yolo_T23_UncertainCellBoundary_008","GT Clear cell boundary","","24323.0","411.7","376.0","35259.7","44772.0","35281.0","44714.5","0.0","0.0000"
"yolo_tile_23","yolo_tile_23","16","yolo_T23_CompactCellBoundary_010","GT Compact cell boundary","yolo_T23_Nucleus_019","787.5","12.4","394.3","34860.4","44790.3","34854.5","44794.0","0.0","0.0000"
"yolo_tile_23","yolo_tile_23","17","yolo_T23_CompactCellBoundary_011","GT Compact cell boundary","yolo_T23_Nucleus_018","3895.0","72.2","405.5","34920.2","44801.5","34932.5","44785.5","0.0","0.0000"
"yolo_tile_23","yolo_tile_23","18","yolo_T23_ClearCellBoundary_009","GT Clear cell boundary","yolo_T23_Nucleus_021","4573.5","276.2","417.7","35124.2","44813.7","35094.5","44830.0","0.0","0.0000"
"yolo_tile_23","yolo_tile_23","19","yolo_T23_CompactCellBoundary_012","GT Compact cell boundary","yolo_T23_Nucleus_020","992.0","11.3","426.0","34859.3","44822.0","34853.0","44820.5","0.0","0.0000"
"yolo_tile_23","yolo_tile_23","20","yolo_T23_ClearCellBoundary_010","GT Clear cell boundary","yolo_T23_Nucleus_022","4289.5","300.4","471.4","35148.4","44867.4","35177.5","44832.0","0.0","0.0000"
"yolo_tile_23","yolo_tile_23","21","yolo_T23_ClearCellBoundary_011","GT Clear cell boundary","yolo_T23_Nucleus_024","4785.0","221.8","475.4","35069.8","44871.4","35041.5","44865.5","0.0","0.0000"
"yolo_tile_23","yolo_tile_23","22","yolo_T23_ClearCellBoundary_012","GT Clear cell boundary","yolo_T23_Nucleus_025","3216.0","141.8","482.2","34989.8","44878.2","34990.1","44880.2","0.0","0.0000"
"yolo_tile_24","yolo_tile_24","1","yolo_T24_ClearCellBoundary_001","GT Clear cell boundary","yolo_T24_Nucleus_001","4574.0","82.4","3.8","34418.4","44911.8","34410.4","44922.3","0.0","0.0000"
"yolo_tile_24","yolo_tile_24","2","yolo_T24_ClearCellBoundary_002","GT Clear cell boundary","yolo_T24_Nucleus_004","7016.0","276.0","28.0","34612.0","44936.0","34646.3","44965.9","0.0","0.0000"
"yolo_tile_24","yolo_tile_24","3","yolo_T24_ClearCellBoundary_004","GT Clear cell boundary","yolo_T24_Nucleus_003","2707.0","97.3","46.6","34433.3","44954.6","34442.7","44960.1","0.0","0.0000"
"yolo_tile_24","yolo_tile_24","4","yolo_T24_ClearCellBoundary_005","GT Clear cell boundary","yolo_T24_Nucleus_007","2747.5","262.8","89.2","34598.8","44997.2","34629.7","45002.5","0.0","0.0000"
"yolo_tile_24","yolo_tile_24","5","yolo_T24_ClearCellBoundary_006","GT Clear cell boundary","yolo_T24_Nucleus_006","5177.0","127.1","93.9","34463.1","45001.9","34439.6","44996.1","0.0","0.0000"
"yolo_tile_24","yolo_tile_24","6","yolo_T24_ClearCellBoundary_007","GT Clear cell boundary","yolo_T24_Nucleus_005","1884.0","324.2","95.4","34660.2","45003.4","34665.1","44994.2","0.0","0.0000"
"yolo_tile_24","yolo_tile_24","7","yolo_T24_ClearCellBoundary_008","GT Clear cell boundary","yolo_T24_Nucleus_009","4293.5","45.4","131.2","34381.4","45039.2","34377.5","45050.8","0.0","0.0000"
"yolo_tile_24","yolo_tile_24","8","yolo_T24_ClearCellBoundary_009","GT Clear cell boundary","yolo_T24_Nucleus_008","2803.8","267.7","134.6","34603.7","45042.6","34594.5","45039.2","0.0","0.0000"
"yolo_tile_24","yolo_tile_24","9","yolo_T24_ClearCellBoundary_010","GT Clear cell boundary","yolo_T24_Nucleus_011","4160.0","209.6","149.7","34545.6","45057.7","34564.0","45062.4","0.0","0.0000"
"yolo_tile_24","yolo_tile_24","10","yolo_T24_ClearCellBoundary_011","GT Clear cell boundary","yolo_T24_Nucleus_010","5759.5","416.5","160.9","34752.5","45068.9","34720.6","45054.5","0.0","0.0000"
"yolo_tile_24","yolo_tile_24","11","yolo_T24_ClearCellBoundary_012","GT Clear cell boundary","yolo_T24_Nucleus_014","6670.5","329.1","162.6","34665.1","45070.6","34646.3","45106.1","0.0","0.0000"
"yolo_tile_24","yolo_tile_24","12","yolo_T24_CompactCellBoundary_001","GT Compact cell boundary","yolo_T24_Nucleus_013","3282.0","155.9","184.2","34491.9","45092.2","34490.4","45094.7","0.0","0.0000"
"yolo_tile_24","yolo_tile_24","13","yolo_T24_ClearCellBoundary_013","GT Clear cell boundary","yolo_T24_Nucleus_012","7765.0","70.7","201.0","34406.7","45109.0","34415.1","45073.2","0.0","0.0000"
"yolo_tile_24","yolo_tile_24","14","yolo_T24_ClearCellBoundary_014","GT Clear cell boundary","yolo_T24_Nucleus_015","8105.5","482.3","225.4","34818.3","45133.4","34797.7","45142.8","0.0","0.0000"
"yolo_tile_24","yolo_tile_24","15","yolo_T24_ClearCellBoundary_015","GT Clear cell boundary","yolo_T24_Nucleus_016","5494.5","170.9","264.5","34506.9","45172.5","34518.6","45152.1","0.0","0.0000"
"yolo_tile_24","yolo_tile_24","16","yolo_T24_ClearCellBoundary_016","GT Clear cell boundary","yolo_T24_Nucleus_017","1279.0","117.7","295.8","34453.7","45203.8","34457.4","45198.9","0.0","0.0000"
"yolo_tile_24","yolo_tile_24","17","yolo_T24_ClearCellBoundary_017","GT Clear cell boundary","yolo_T24_Nucleus_019","6018.0","270.5","309.8","34606.5","45217.8","34638.5","45216.3","0.0","0.0000"
"yolo_tile_24","yolo_tile_24","18","yolo_T24_ClearCellBoundary_018","GT Clear cell boundary","yolo_T24_Nucleus_020","2025.5","190.4","317.1","34526.4","45225.1","34524.9","45219.7","0.0","0.0000"
"yolo_tile_24","yolo_tile_24","19","yolo_T24_ClearCellBoundary_019","GT Clear cell boundary","yolo_T24_Nucleus_022","2168.5","332.5","320.1","34668.5","45228.1","34668.1","45227.9","0.0","0.0000"
"yolo_tile_24","yolo_tile_24","20","yolo_T24_ClearCellBoundary_020","GT Clear cell boundary","yolo_T24_Nucleus_023","4272.5","56.0","346.9","34392.0","45254.9","34425.7","45230.3","0.0","0.0000"
"yolo_tile_24","yolo_tile_24","21","yolo_T24_ClearCellBoundary_021","GT Clear cell boundary","yolo_T24_Nucleus_024","14864.4","117.2","397.9","34453.2","45305.9","34456.5","45241.9","0.0","0.0000"
"yolo_tile_24","yolo_tile_24","22","yolo_T24_ClearCellBoundary_022","GT Clear cell boundary","yolo_T24_Nucleus_026","4242.5","460.5","404.8","34796.5","45312.8","34783.7","45332.9","0.0","0.0000"
"yolo_tile_24","yolo_tile_24","23","yolo_T24_ClearCellBoundary_023","GT Clear cell boundary","yolo_T24_Nucleus_027","2226.0","463.4","465.2","34799.4","45373.2","34790.5","45381.6","0.0","0.0000"
"yolo_tile_25","yolo_tile_25","1","yolo_T25_UncertainCellBoundary_001","GT Clear cell boundary","yolo_T25_Nucleus_005","3882.5","343.6","24.8","35191.6","44932.8","35219.2","44953.2","0.0","0.0000"
"yolo_tile_25","yolo_tile_25","2","yolo_T25_UncertainCellBoundary_003","GT Clear cell boundary","yolo_T25_Nucleus_002","5068.5","240.2","29.1","35088.2","44937.1","35062.4","44927.8","0.0","0.0000"
"yolo_tile_25","yolo_tile_25","3","yolo_T25_ClearCellBoundary_001","GT Clear cell boundary","yolo_T25_Nucleus_001","6444.5","155.3","48.4","35003.3","44956.4","35016.0","44915.0","0.0","0.0000"
"yolo_tile_25","yolo_tile_25","4","yolo_T25_CompactCellBoundary_001","GT Compact cell boundary","yolo_T25_Nucleus_007","1937.5","117.8","103.2","34965.8","45011.2","34972.5","45014.0","182.0","0.0939"
"yolo_tile_25","yolo_tile_25","5","yolo_T25_ClearCellBoundary_002","GT Clear cell boundary","yolo_T25_Nucleus_009","9587.0","355.8","108.4","35203.8","45016.4","35232.5","45045.5","0.0","0.0000"
"yolo_tile_25","yolo_tile_25","6","yolo_T25_UncertainCellBoundary_006","GT Clear cell boundary","yolo_T25_Nucleus_012","6283.3","291.2","146.0","35139.2","45054.0","35135.9","45073.4","0.0","0.0000"
"yolo_tile_25","yolo_tile_25","7","yolo_T25_ClearCellBoundary_003","GT Clear cell boundary","yolo_T25_Nucleus_011","11566.0","89.5","186.4","34937.5","45094.4","34975.5","45069.0","19.7","0.0017"
"yolo_tile_25","yolo_tile_25","8","yolo_T25_UncertainCellBoundary_007","GT Clear cell boundary","yolo_T25_Nucleus_010","15734.6","444.4","208.3","35292.4","45116.3","35283.9","45068.7","0.0","0.0000"
"yolo_tile_25","yolo_tile_25","9","yolo_T25_ClearCellBoundary_004","GT Clear cell boundary","yolo_T25_Nucleus_014","3191.0","252.1","218.8","35100.1","45126.8","35111.0","45139.0","0.0","0.0000"
"yolo_tile_25","yolo_tile_25","10","yolo_T25_UncertainCellBoundary_009","GT Clear cell boundary","yolo_T25_Nucleus_013","4444.5","338.4","224.7","35186.4","45132.7","35172.0","45117.8","0.0","0.0000"
"yolo_tile_25","yolo_tile_25","11","yolo_T25_ClearCellBoundary_005","GT Clear cell boundary","yolo_T25_Nucleus_015","3352.5","206.5","274.5","35054.5","45182.5","35057.0","45159.0","0.0","0.0000"
"yolo_tile_25","yolo_tile_25","12","yolo_T25_ClearCellBoundary_006","GT Clear cell boundary","yolo_T25_Nucleus_016","6676.8","293.8","289.8","35141.8","45197.8","35119.5","45169.5","0.0","0.0000"
"yolo_tile_25","yolo_tile_25","13","yolo_T25_UncertainCellBoundary_010","GT Clear cell boundary","yolo_T25_Nucleus_018","3286.0","364.6","291.2","35212.6","45199.2","35221.4","45202.9","0.0","0.0000"
"yolo_tile_25","yolo_tile_25","14","yolo_T25_ClearCellBoundary_007","GT Clear cell boundary","yolo_T25_Nucleus_017","3721.0","440.2","296.4","35288.2","45204.4","35305.0","45192.0","0.0","0.0000"
"yolo_tile_25","yolo_tile_25","15","yolo_T25_ClearCellBoundary_008","GT Clear cell boundary","yolo_T25_Nucleus_020","11829.6","214.3","361.4","35062.3","45269.4","35019.0","45299.5","0.0","0.0000"
"yolo_tile_25","yolo_tile_25","16","yolo_T25_ClearCellBoundary_009","GT Clear cell boundary","yolo_T25_Nucleus_019","3284.5","482.0","374.4","35330.0","45282.4","35359.0","45283.5","0.0","0.0000"
"yolo_tile_25","yolo_tile_25","17","yolo_T25_ClearCellBoundary_010","GT Clear cell boundary","yolo_T25_Nucleus_021","3721.5","338.1","384.7","35186.1","45292.7","35214.0","45315.5","0.0","0.0000"
"yolo_tile_25","yolo_tile_25","18","yolo_T25_CompactCellBoundary_002","GT Compact cell boundary","yolo_T25_Nucleus_022","517.0","432.7","417.2","35280.7","45325.2","35279.5","45329.5","0.0","0.0000"
"yolo_tile_25","yolo_tile_25","19","yolo_T25_ClearCellBoundary_011","GT Clear cell boundary","yolo_T25_Nucleus_025","5008.7","380.0","447.2","35228.0","45355.2","35198.0","45381.5","0.0","0.0000"
"yolo_tile_26","yolo_tile_26","1","","GT Clear cell boundary","","4405.5","244.4","34.3","34068.4","44942.3","34047.0","44939.5","0.0","0.0000"
"yolo_tile_26","yolo_tile_26","2","","GT Clear cell boundary","yolo_0016","11008.5","75.1","63.4","33899.1","44971.4","33892.8","44925.6","0.0","0.0000"
"yolo_tile_26","yolo_tile_26","3","","GT Clear cell boundary","","5112.0","25.6","118.6","33849.6","45026.6","33834.5","44985.5","0.0","0.0000"
"yolo_tile_26","yolo_tile_26","4","","GT Clear cell boundary","yolo_0013","3997.5","444.6","136.4","34268.6","45044.4","34265.1","45044.0","0.5","0.0001"
"yolo_tile_26","yolo_tile_26","5","","GT Clear cell boundary","","2863.0","208.5","152.3","34032.5","45060.3","34024.5","45067.5","0.0","0.0000"
"yolo_tile_26","yolo_tile_26","6","","GT Clear cell boundary","","6491.0","50.5","196.3","33874.5","45104.3","33912.0","45087.0","0.0","0.0000"
"yolo_tile_26","yolo_tile_26","7","","GT Clear cell boundary","","12112.5","171.6","202.4","33995.6","45110.4","33931.0","45098.5","0.0","0.0000"
"yolo_tile_26","yolo_tile_26","8","","GT Clear cell boundary","yolo_0017","9120.0","390.4","236.0","34214.4","45144.0","34256.1","45132.9","0.0","0.0000"
"yolo_tile_26","yolo_tile_26","9","","GT Clear cell boundary","","7262.0","55.9","271.9","33879.9","45179.9","33920.0","45153.5","0.0","0.0000"
"yolo_tile_26","yolo_tile_26","10","","GT Clear cell boundary","yolo_0018","11196.5","164.7","301.9","33988.7","45209.9","33961.5","45236.5","0.0","0.0000"
"yolo_tile_26","yolo_tile_26","11","yolo_0009","GT Clear cell boundary","yolo_0025","4778.3","347.8","318.0","34171.8","45226.0","34204.6","45209.4","0.0","0.0000"
"yolo_tile_26","yolo_tile_26","12","","GT Clear cell boundary","yolo_0005","9409.0","63.3","364.4","33887.3","45272.4","33879.7","45244.9","0.0","0.0000"
"yolo_tile_26","yolo_tile_26","13","","GT Clear cell boundary","yolo_0007","4113.0","43.6","427.7","33867.6","45335.7","33846.6","45317.0","0.0","0.0000"
"yolo_tile_26","yolo_tile_26","14","","GT Clear cell boundary","","5807.5","182.2","429.5","34006.2","45337.5","34024.0","45349.0","0.0","0.0000"
"yolo_tile_26","yolo_tile_26","15","","GT Clear cell boundary","yolo_0029","2327.5","28.0","470.6","33852.0","45378.6","33835.9","45367.4","0.0","0.0000"
"yolo_tile_26","yolo_tile_26","16","","GT Clear cell boundary","","4435.5","379.8","493.2","34203.8","45401.2","34213.5","45371.5","0.0","0.0000"
"yolo_tile_27","yolo_tile_27","1","yolo_T27_ClearCellBoundary_003","GT Clear cell boundary","yolo_T27_Nucleus_004","4527.3","250.1","27.2","33561.1","44423.2","33572.9","44449.8","0.0","0.0000"
"yolo_tile_27","yolo_tile_27","2","yolo_T27_ClearCellBoundary_004","GT Clear cell boundary","yolo_T27_Nucleus_003","4754.0","106.4","38.9","33417.4","44434.9","33401.1","44447.3","0.0","0.0000"
"yolo_tile_27","yolo_tile_27","3","yolo_T27_ClearCellBoundary_005","GT Clear cell boundary","yolo_T27_Nucleus_005","3102.0","356.9","67.2","33667.9","44463.2","33646.8","44455.0","0.0","0.0000"
"yolo_tile_27","yolo_tile_27","4","yolo_T27_ClearCellBoundary_006","GT Clear cell boundary","yolo_T27_Nucleus_007","7165.8","46.7","73.1","33357.7","44469.1","33407.0","44478.0","0.0","0.0000"
"yolo_tile_27","yolo_tile_27","5","yolo_T27_ClearCellBoundary_007","GT Clear cell boundary","yolo_T27_Nucleus_006","8474.5","432.0","98.9","33743.0","44494.9","33762.5","44457.0","0.0","0.0000"
"yolo_tile_27","yolo_tile_27","6","yolo_T27_ClearCellBoundary_008","GT Clear cell boundary","yolo_T27_Nucleus_008","5754.5","331.9","109.3","33642.9","44505.3","33610.5","44483.8","0.0","0.0000"
"yolo_tile_27","yolo_tile_27","7","yolo_T27_ClearCellBoundary_009","GT Clear cell boundary","yolo_T27_Nucleus_011","5968.5","234.5","120.9","33545.5","44516.9","33554.0","44559.5","0.0","0.0000"
"yolo_tile_27","yolo_tile_27","8","yolo_T27_ClearCellBoundary_010","GT Clear cell boundary","yolo_T27_Nucleus_010","6389.0","94.1","145.4","33405.1","44541.4","33393.8","44535.4","0.0","0.0000"
"yolo_tile_27","yolo_tile_27","9","yolo_T27_ClearCellBoundary_011","GT Clear cell boundary","yolo_T27_Nucleus_009","4275.8","5.1","152.7","33316.1","44548.7","33321.5","44520.5","0.0","0.0000"
"yolo_tile_27","yolo_tile_27","10","yolo_T27_ClearCellBoundary_012","GT Clear cell boundary","yolo_T27_Nucleus_012","4712.3","477.7","195.4","33788.7","44591.4","33807.5","44595.5","0.0","0.0000"
"yolo_tile_27","yolo_tile_27","11","yolo_T27_ClearCellBoundary_013","GT Clear cell boundary","yolo_T27_Nucleus_014","4170.5","16.8","228.5","33327.8","44624.5","33355.2","44615.4","0.0","0.0000"
"yolo_tile_27","yolo_tile_27","12","yolo_T27_ClearCellBoundary_014","GT Clear cell boundary","yolo_T27_Nucleus_013","8647.4","261.6","237.8","33572.6","44633.8","33579.6","44615.1","0.0","0.0000"
"yolo_tile_27","yolo_tile_27","13","yolo_T27_ClearCellBoundary_015","GT Clear cell boundary","yolo_T27_Nucleus_015","4304.0","194.2","263.2","33505.2","44659.2","33479.5","44661.0","0.0","0.0000"
"yolo_tile_27","yolo_tile_27","14","yolo_T27_ClearCellBoundary_016","GT Clear cell boundary","yolo_T27_Nucleus_017","5348.8","62.4","317.8","33373.4","44713.8","33400.6","44703.6","0.0","0.0000"
"yolo_tile_27","yolo_tile_27","15","yolo_T27_ClearCellBoundary_017","GT Clear cell boundary","yolo_T27_Nucleus_019","7389.2","462.5","394.4","33773.5","44790.4","33775.1","44830.9","0.0","0.0000"
"yolo_tile_27","yolo_tile_27","16","yolo_T27_ClearCellBoundary_018","GT Clear cell boundary","yolo_T27_Nucleus_018","8408.8","55.2","396.5","33366.2","44792.5","33348.4","44775.6","0.0","0.0000"
"yolo_tile_27","yolo_tile_27","17","yolo_T27_ClearCellBoundary_019","GT Clear cell boundary","yolo_T27_Nucleus_021","7121.5","358.7","450.3","33669.7","44846.3","33630.5","44876.0","0.0","0.0000"
"yolo_tile_27","yolo_tile_27","18","yolo_T27_ClearCellBoundary_020","GT Clear cell boundary","yolo_T27_Nucleus_022","6798.5","211.6","451.9","33522.6","44847.9","33537.8","44879.5","0.0","0.0000"
"yolo_tile_27","yolo_tile_27","19","yolo_T27_ClearCellBoundary_021","GT Clear cell boundary","yolo_T27_Nucleus_023","2551.8","25.9","493.2","33336.9","44889.2","33338.9","44896.3","0.0","0.0000"
"yolo_tile_28","yolo_tile_28","1","yolo_T28_ClearCellBoundary_001","GT Clear cell boundary","yolo_T28_Nucleus_003","14159.5","397.5","125.9","33709.5","45033.9","33738.5","44989.5","0.0","0.0000"
"yolo_tile_28","yolo_tile_28","2","yolo_T28_ClearCellBoundary_002","GT Clear cell boundary","yolo_T28_Nucleus_007","7308.1","315.6","192.9","33627.6","45100.9","33633.5","45085.5","0.0","0.0000"
"yolo_tile_28","yolo_tile_28","3","yolo_T28_ClearCellBoundary_004","GT Clear cell boundary","yolo_T28_Nucleus_009","7621.5","259.1","231.2","33571.1","45139.2","33588.5","45111.0","0.0","0.0000"
"yolo_tile_28","yolo_tile_28","4","yolo_T28_CompactCellBoundary_001","GT Compact cell boundary","yolo_T28_Nucleus_010","1405.0","40.5","272.7","33352.5","45180.7","33345.0","45176.5","0.0","0.0000"
"yolo_tile_28","yolo_tile_28","5","yolo_T28_ClearCellBoundary_005","GT Clear cell boundary","yolo_T28_Nucleus_014","11842.4","474.4","274.4","33786.4","45182.4","33797.5","45257.5","0.0","0.0000"
"yolo_tile_28","yolo_tile_28","6","yolo_T28_ClearCellBoundary_007","GT Clear cell boundary","yolo_T28_Nucleus_015","6892.5","329.6","319.6","33641.6","45227.6","33658.0","45275.5","0.0","0.0000"
"yolo_tile_28","yolo_tile_28","7","yolo_T28_ClearCellBoundary_008","GT Clear cell boundary","yolo_T28_Nucleus_012","7555.2","58.0","339.6","33370.0","45247.6","33423.0","45242.5","0.0","0.0000"
"yolo_tile_28","yolo_tile_28","8","yolo_T28_ClearCellBoundary_009","GT Clear cell boundary","yolo_T28_Nucleus_013","5545.0","410.3","347.7","33722.3","45255.7","33768.5","45251.5","0.0","0.0000"
"yolo_tile_28","yolo_tile_28","9","yolo_T28_ClearCellBoundary_010","GT Clear cell boundary","yolo_T28_Nucleus_016","7370.0","341.4","409.4","33653.4","45317.4","33626.3","45276.9","0.0","0.0000"
"yolo_tile_28","yolo_tile_28","10","yolo_T28_ClearCellBoundary_012","GT Clear cell boundary","yolo_T28_Nucleus_019","11629.0","247.5","427.3","33559.5","45335.3","33618.8","45366.7","0.0","0.0000"
"yolo_tile_28","yolo_tile_28","11","yolo_T28_ClearCellBoundary_013","GT Clear cell boundary","yolo_T28_Nucleus_018","12438.8","456.4","430.0","33768.4","45338.0","33731.5","45336.0","0.0","0.0000"
"yolo_tile_28","yolo_tile_28","12","yolo_T28_ClearCellBoundary_014","GT Clear cell boundary","yolo_T28_Nucleus_020","4265.0","54.9","478.0","33366.9","45386.0","33339.0","45386.5","0.0","0.0000"
"yolo_tile_28","yolo_tile_28","13","yolo_T28_ClearCellBoundary_015","GT Clear cell boundary","yolo_T28_Nucleus_021","3193.5","392.7","500.1","33704.7","45408.1","33685.5","45412.0","0.0","0.0000"
"yolo_tile_29","yolo_tile_29","1","yolo_T29_ClearCellBoundary_001","GT Clear cell boundary","yolo_T29_Nucleus_001","9948.3","29.6","51.3","35389.6","44447.3","35395.0","44413.5","0.0","0.0000"
"yolo_tile_29","yolo_tile_29","2","yolo_T29_ClearCellBoundary_002","GT Clear cell boundary","yolo_T29_Nucleus_002","17574.5","459.9","89.0","35819.9","44485.0","35775.5","44511.5","0.0","0.0000"
"yolo_tile_29","yolo_tile_29","3","yolo_T29_ClearCellBoundary_003","GT Clear cell boundary","yolo_T29_Nucleus_003","7182.5","213.2","89.4","35573.2","44485.4","35598.5","44525.0","0.0","0.0000"
"yolo_tile_29","yolo_tile_29","4","yolo_T29_CompactCellBoundary_001","GT Compact cell boundary","yolo_T29_Nucleus_004","4065.8","474.3","190.0","35834.3","44586.0","35810.5","44593.0","0.0","0.0000"
"yolo_tile_29","yolo_tile_29","5","yolo_T29_ClearCellBoundary_004","GT Clear cell boundary","yolo_T29_Nucleus_006","9358.0","327.0","204.8","35687.0","44600.8","35682.7","44656.7","0.0","0.0000"
"yolo_tile_29","yolo_tile_29","6","yolo_T29_ClearCellBoundary_006","GT Clear cell boundary","yolo_T29_Nucleus_008","10382.0","206.6","261.1","35566.6","44657.1","35537.5","44712.0","0.0","0.0000"
"yolo_tile_29","yolo_tile_29","7","yolo_T29_ClearCellBoundary_007","GT Clear cell boundary","yolo_T29_Nucleus_010","4025.0","287.7","281.7","35647.7","44677.7","35662.5","44712.5","0.0","0.0000"
"yolo_tile_29","yolo_tile_29","8","yolo_T29_ClearCellBoundary_008","GT Clear cell boundary","yolo_T29_Nucleus_007","5546.5","368.0","284.1","35728.0","44680.1","35696.0","44686.5","0.0","0.0000"
"yolo_tile_29","yolo_tile_29","9","yolo_T29_ClearCellBoundary_009","GT Clear cell boundary","yolo_T29_Nucleus_009","6910.5","127.2","290.0","35487.2","44686.0","35484.0","44712.5","0.0","0.0000"
"yolo_tile_29","yolo_tile_29","10","yolo_T29_ClearCellBoundary_010","GT Clear cell boundary","yolo_T29_Nucleus_011","11892.0","464.0","335.6","35824.0","44731.6","35814.5","44720.0","0.0","0.0000"
"yolo_tile_29","yolo_tile_29","11","yolo_T29_ClearCellBoundary_011","GT Clear cell boundary","yolo_T29_Nucleus_013","2975.8","343.5","345.0","35703.5","44741.0","35686.0","44732.0","0.0","0.0000"
"yolo_tile_29","yolo_tile_29","12","yolo_T29_ClearCellBoundary_012","GT Clear cell boundary","yolo_T29_Nucleus_012","8600.6","200.7","365.0","35560.7","44761.0","35569.5","44720.5","0.0","0.0000"
"yolo_tile_29","yolo_tile_29","13","yolo_T29_ClearCellBoundary_013","GT Clear cell boundary","yolo_T29_Nucleus_014","2950.0","273.9","423.4","35633.9","44819.4","35628.5","44834.0","0.0","0.0000"
"yolo_tile_29","yolo_tile_29","14","yolo_T29_ClearCellBoundary_014","GT Clear cell boundary","yolo_T29_Nucleus_015","2673.0","186.4","443.3","35546.4","44839.3","35538.0","44837.5","0.0","0.0000"
"yolo_tile_29","yolo_tile_29","15","yolo_T29_ClearCellBoundary_015","GT Clear cell boundary","yolo_T29_Nucleus_017","3419.5","140.4","510.9","35500.4","44906.9","35483.0","44879.0","0.0","0.0000"
"yolo_tile_30","yolo_tile_30","1","yolo_T30_ClearCellBoundary_001","GT Clear cell boundary","yolo_T30_Nucleus_002","7852.5","416.1","55.7","35776.1","44963.7","35821.3","44954.3","0.0","0.0000"
"yolo_tile_30","yolo_tile_30","2","yolo_T30_ClearCellBoundary_002","GT Clear cell boundary","yolo_T30_Nucleus_004","6176.3","472.1","113.4","35832.1","45021.4","35847.5","45017.5","0.0","0.0000"
"yolo_tile_30","yolo_tile_30","3","yolo_T30_ClearCellBoundary_003","GT Clear cell boundary","yolo_T30_Nucleus_003","7868.0","97.7","149.1","35457.7","45057.1","35477.0","45011.0","0.0","0.0000"
"yolo_tile_30","yolo_tile_30","4","yolo_T30_ClearCellBoundary_004","GT Clear cell boundary","yolo_T30_Nucleus_005","6914.0","263.5","153.8","35623.5","45061.8","35620.4","45048.8","0.0","0.0000"
"yolo_tile_30","yolo_tile_30","5","yolo_T30_ClearCellBoundary_005","GT Clear cell boundary","yolo_T30_Nucleus_006","4973.5","196.1","201.9","35556.1","45109.9","35528.9","45106.7","0.0","0.0000"
"yolo_tile_30","yolo_tile_30","6","yolo_T30_ClearCellBoundary_006","GT Clear cell boundary","yolo_T30_Nucleus_007","15746.2","359.3","223.0","35719.3","45131.0","35727.3","45107.2","0.0","0.0000"
"yolo_tile_30","yolo_tile_30","7","yolo_T30_ClearCellBoundary_007","GT Clear cell boundary","yolo_T30_Nucleus_008","15902.5","151.6","308.8","35511.6","45216.8","35511.8","45143.3","0.0","0.0000"
"yolo_tile_30","yolo_tile_30","8","yolo_T30_ClearCellBoundary_008","GT Clear cell boundary","yolo_T30_Nucleus_009","8105.0","441.0","312.9","35801.0","45220.9","35840.5","45202.0","0.0","0.0000"
"yolo_tile_30","yolo_tile_30","9","yolo_T30_ClearCellBoundary_009","GT Clear cell boundary","yolo_T30_Nucleus_011","5281.0","22.5","325.9","35382.5","45233.9","35395.3","45263.3","0.0","0.0000"
"yolo_tile_30","yolo_tile_30","10","yolo_T30_ClearCellBoundary_010","GT Clear cell boundary","yolo_T30_Nucleus_010","2550.5","225.0","335.0","35585.0","45243.0","35579.0","45261.5","0.0","0.0000"
"yolo_tile_30","yolo_tile_30","11","yolo_T30_ClearCellBoundary_011","GT Clear cell boundary","yolo_T30_Nucleus_013","4308.1","287.3","359.4","35647.3","45267.4","35620.0","45281.0","0.0","0.0000"
"yolo_tile_30","yolo_tile_30","12","yolo_T30_ClearCellBoundary_012","GT Clear cell boundary","yolo_T30_Nucleus_012","1633.0","189.6","370.2","35549.6","45278.2","35544.0","45279.0","0.0","0.0000"
"yolo_tile_30","yolo_tile_30","13","yolo_T30_ClearCellBoundary_013","GT Clear cell boundary","yolo_T30_Nucleus_016","7182.0","264.5","419.8","35624.5","45327.8","35610.0","45365.0","0.0","0.0000"
"yolo_tile_30","yolo_tile_30","14","yolo_T30_ClearCellBoundary_014","GT Clear cell boundary","yolo_T30_Nucleus_014","7876.1","367.9","426.3","35727.9","45334.3","35705.5","45325.5","0.0","0.0000"
"yolo_tile_30","yolo_tile_30","15","yolo_T30_ClearCellBoundary_015","GT Clear cell boundary","yolo_T30_Nucleus_017","8810.0","168.0","469.6","35528.0","45377.6","35528.0","45365.9","0.0","0.0000"
"yolo_tile_30","yolo_tile_30","16","yolo_T30_ClearCellBoundary_016","GT Clear cell boundary","yolo_T30_Nucleus_015","5473.8","301.6","490.5","35661.6","45398.5","35675.0","45357.5","0.0","0.0000"
"yolo_tile_31","yolo_tile_31","1","yolo_T31_ClearCellBoundary_001","GT Clear cell boundary","yolo_T31_Nucleus_004","17490.0","71.2","74.4","34407.2","45494.4","34388.9","45560.6","0.0","0.0000"
"yolo_tile_31","yolo_tile_31","2","yolo_T31_ClearCellBoundary_002","GT Clear cell boundary","yolo_T31_Nucleus_001","10343.9","240.3","74.9","34576.3","45494.9","34579.5","45478.0","0.0","0.0000"
"yolo_tile_31","yolo_tile_31","3","yolo_T31_ClearCellBoundary_003","GT Clear cell boundary","yolo_T31_Nucleus_002","11520.0","401.4","111.4","34737.4","45531.4","34756.0","45524.0","0.0","0.0000"
"yolo_tile_31","yolo_tile_31","4","yolo_T31_ClearCellBoundary_004","GT Clear cell boundary","yolo_T31_Nucleus_003","10387.4","294.6","117.8","34630.6","45537.8","34627.6","45526.0","0.0","0.0000"
"yolo_tile_31","yolo_tile_31","5","yolo_T31_ClearCellBoundary_005","GT Clear cell boundary","yolo_T31_Nucleus_007","9074.0","81.1","218.7","34417.1","45638.7","34452.9","45643.8","0.0","0.0000"
"yolo_tile_31","yolo_tile_31","6","yolo_T31_ClearCellBoundary_006","GT Clear cell boundary","yolo_T31_Nucleus_006","12954.1","175.5","223.2","34511.5","45643.2","34485.2","45631.9","0.0","0.0000"
"yolo_tile_31","yolo_tile_31","7","yolo_T31_ClearCellBoundary_007","GT Clear cell boundary","yolo_T31_Nucleus_008","8780.0","505.4","245.0","34841.4","45665.0","34839.2","45671.1","0.0","0.0000"
"yolo_tile_31","yolo_tile_31","8","yolo_T31_ClearCellBoundary_008","GT Clear cell boundary","yolo_T31_Nucleus_009","8925.0","251.8","286.2","34587.8","45706.2","34610.0","45695.5","0.0","0.0000"
"yolo_tile_31","yolo_tile_31","9","yolo_T31_ClearCellBoundary_009","GT Clear cell boundary","yolo_T31_Nucleus_010","4675.2","340.9","300.3","34676.9","45720.3","34691.2","45737.2","0.0","0.0000"
"yolo_tile_31","yolo_tile_31","10","yolo_T31_ClearCellBoundary_010","GT Clear cell boundary","yolo_T31_Nucleus_011","3235.5","288.0","348.6","34624.0","45768.6","34645.0","45747.0","0.0","0.0000"
"yolo_tile_31","yolo_tile_31","11","yolo_T31_ClearCellBoundary_011","GT Clear cell boundary","yolo_T31_Nucleus_012","3777.0","389.5","354.4","34725.5","45774.4","34700.0","45764.0","0.0","0.0000"
"yolo_tile_31","yolo_tile_31","12","yolo_T31_ClearCellBoundary_012","GT Clear cell boundary","yolo_T31_Nucleus_013","5458.5","206.0","373.0","34542.0","45793.0","34535.2","45768.2","0.0","0.0000"
"yolo_tile_31","yolo_tile_31","13","yolo_T31_ClearCellBoundary_013","GT Clear cell boundary","yolo_T31_Nucleus_015","5266.6","61.6","383.5","34397.6","45803.5","34413.7","45823.1","0.0","0.0000"
"yolo_tile_31","yolo_tile_31","14","yolo_T31_ClearCellBoundary_014","GT Clear cell boundary","yolo_T31_Nucleus_016","5322.9","280.6","408.4","34616.6","45828.4","34594.8","45837.7","0.0","0.0000"
"yolo_tile_31","yolo_tile_31","15","yolo_T31_ClearCellBoundary_015","GT Clear cell boundary","yolo_T31_Nucleus_014","6218.1","373.2","410.5","34709.2","45830.5","34674.6","45811.5","0.0","0.0000"
"yolo_tile_31","yolo_tile_31","16","yolo_T31_ClearCellBoundary_016","GT Clear cell boundary","yolo_T31_Nucleus_017","6160.2","113.7","423.6","34449.7","45843.6","34437.9","45843.0","0.0","0.0000"
"yolo_tile_31","yolo_tile_31","17","yolo_T31_ClearCellBoundary_017","GT Clear cell boundary","yolo_T31_Nucleus_018","3025.3","14.9","439.7","34350.9","45859.7","34377.0","45856.7","0.0","0.0000"
"yolo_tile_31","yolo_tile_31","18","yolo_T31_ClearCellBoundary_018","GT Clear cell boundary","yolo_T31_Nucleus_020","7973.5","451.5","462.5","34787.5","45882.5","34774.0","45873.5","0.0","0.0000"
"yolo_tile_31","yolo_tile_31","19","yolo_T31_ClearCellBoundary_019","GT Clear cell boundary","yolo_T31_Nucleus_022","3042.7","39.9","489.5","34375.9","45909.5","34355.7","45916.7","0.0","0.0000"
"yolo_tile_31","yolo_tile_31","20","yolo_T31_ClearCellBoundary_020","GT Clear cell boundary","yolo_T31_Nucleus_021","3923.6","115.3","491.4","34451.3","45911.4","34433.0","45893.7","0.0","0.0000"
"yolo_tile_31","yolo_tile_31","21","yolo_T31_ClearCellBoundary_021","GT Clear cell boundary","yolo_T31_Nucleus_019","8648.9","290.2","492.3","34626.2","45912.3","34621.6","45871.2","0.0","0.0000"
"yolo_tile_32","yolo_tile_32","1","yolo_T32_ClearCellBoundary_001","GT Clear cell boundary","yolo_T32_Nucleus_001","2340.7","467.1","0.7","35315.1","45420.7","35312.5","45452.0","0.0","0.0000"
"yolo_tile_32","yolo_tile_32","2","yolo_T32_ClearCellBoundary_002","GT Clear cell boundary","yolo_T32_Nucleus_002","5264.8","390.7","36.6","35238.7","45456.6","35247.4","45475.5","0.0","0.0000"
"yolo_tile_32","yolo_tile_32","3","yolo_T32_ClearCellBoundary_003","GT Clear cell boundary","yolo_T32_Nucleus_004","2969.0","187.9","63.8","35035.9","45483.8","35028.2","45502.4","0.0","0.0000"
"yolo_tile_32","yolo_tile_32","4","yolo_T32_ClearCellBoundary_004","GT Clear cell boundary","yolo_T32_Nucleus_003","3550.6","270.4","71.6","35118.4","45491.6","35123.6","45489.4","0.0","0.0000"
"yolo_tile_32","yolo_tile_32","5","yolo_T32_ClearCellBoundary_005","GT Clear cell boundary","yolo_T32_Nucleus_006","5924.0","115.9","89.4","34963.9","45509.4","34922.0","45508.0","0.0","0.0000"
"yolo_tile_32","yolo_tile_32","6","yolo_T32_ClearCellBoundary_006","GT Clear cell boundary","yolo_T32_Nucleus_005","5253.0","326.3","99.2","35174.3","45519.2","35162.0","45507.5","0.0","0.0000"
"yolo_tile_32","yolo_tile_32","7","yolo_T32_ClearCellBoundary_007","GT Clear cell boundary","yolo_T32_Nucleus_008","6013.5","448.8","109.4","35296.8","45529.4","35257.5","45556.0","0.0","0.0000"
"yolo_tile_32","yolo_tile_32","8","yolo_T32_ClearCellBoundary_008","GT Clear cell boundary","yolo_T32_Nucleus_007","8188.6","48.2","137.9","34896.2","45557.9","34898.2","45527.6","234.4","0.0286"
"yolo_tile_32","yolo_tile_32","9","yolo_T32_ClearCellBoundary_009","GT Clear cell boundary","yolo_T32_Nucleus_009","3524.5","117.0","187.7","34965.0","45607.7","34958.5","45601.5","0.0","0.0000"
"yolo_tile_32","yolo_tile_32","10","yolo_T32_ClearCellBoundary_010","GT Clear cell boundary","yolo_T32_Nucleus_010","4884.0","185.3","210.4","35033.3","45630.4","35029.9","45626.8","0.0","0.0000"
"yolo_tile_32","yolo_tile_32","11","yolo_T32_ClearCellBoundary_011","GT Clear cell boundary","yolo_T32_Nucleus_011","6191.5","416.2","218.8","35264.2","45638.8","35274.6","45643.1","0.0","0.0000"
"yolo_tile_32","yolo_tile_32","12","yolo_T32_ClearCellBoundary_012","GT Clear cell boundary","yolo_T32_Nucleus_014","5736.5","291.4","259.7","35139.4","45679.7","35125.7","45703.7","0.0","0.0000"
"yolo_tile_32","yolo_tile_32","13","yolo_T32_ClearCellBoundary_013","GT Clear cell boundary","yolo_T32_Nucleus_013","2548.0","178.8","261.5","35026.8","45681.5","35041.5","45673.5","0.0","0.0000"
"yolo_tile_32","yolo_tile_32","14","yolo_T32_ClearCellBoundary_014","GT Clear cell boundary","yolo_T32_Nucleus_012","7557.5","86.6","269.9","34934.6","45689.9","34927.0","45664.2","0.0","0.0000"
"yolo_tile_32","yolo_tile_32","15","yolo_T32_ClearCellBoundary_015","GT Clear cell boundary","yolo_T32_Nucleus_016","2035.6","509.5","289.8","35357.5","45709.8","35348.6","45722.5","0.0","0.0000"
"yolo_tile_32","yolo_tile_32","16","yolo_T32_ClearCellBoundary_016","GT Clear cell boundary","yolo_T32_Nucleus_015","3125.0","159.1","303.4","35007.1","45723.4","35028.0","45710.0","0.0","0.0000"
"yolo_tile_32","yolo_tile_32","17","yolo_T32_ClearCellBoundary_017","GT Clear cell boundary","yolo_T32_Nucleus_017","6085.0","314.7","348.0","35162.7","45768.0","35168.3","45779.8","0.0","0.0000"
"yolo_tile_32","yolo_tile_32","18","yolo_T32_ClearCellBoundary_018","GT Clear cell boundary","yolo_T32_Nucleus_019","5924.5","93.6","375.5","34941.6","45795.5","34947.4","45815.9","0.0","0.0000"
"yolo_tile_32","yolo_tile_32","19","yolo_T32_ClearCellBoundary_019","GT Clear cell boundary","yolo_T32_Nucleus_018","2686.9","16.9","376.2","34864.9","45796.2","34882.0","45790.8","0.0","0.0000"
"yolo_tile_32","yolo_tile_32","20","yolo_T32_ClearCellBoundary_020","GT Clear cell boundary","yolo_T32_Nucleus_020","8165.5","168.9","397.0","35016.9","45817.0","34972.0","45850.9","0.0","0.0000"
"yolo_tile_32","yolo_tile_32","21","yolo_T32_ClearCellBoundary_021","GT Clear cell boundary","yolo_T32_Nucleus_021","2743.8","21.9","438.8","34869.9","45858.8","34880.0","45868.4","0.0","0.0000"
"yolo_tile_32","yolo_tile_32","22","yolo_T32_ClearCellBoundary_022","GT Clear cell boundary","yolo_T32_Nucleus_023","8141.9","474.8","466.0","35322.8","45886.0","35333.3","45918.7","0.0","0.0000"
"yolo_tile_32","yolo_tile_32","23","yolo_T32_ClearCellBoundary_023","GT Clear cell boundary","yolo_T32_Nucleus_022","4989.0","169.0","475.9","35017.0","45895.9","35045.5","45898.5","0.0","0.0000"
